received_utc,valid,error,seq_gap,seq,d_pct,v_mv,i_ma,p_mw,mppt,fault,fault_label,fault_reason,fault_severity,chk,computed_chk,bess_soc_pct,bess_power_w,bess_load_w,bess_state,bess_energy_wh,bess_capacity_wh,tracker_state,tracker_pan_deg,tracker_tilt_deg,tracker_sun_pan_deg,tracker_sun_tilt_deg,tracker_error_deg,tracker_servo_enabled,vision_mode,vision_detected,vision_confidence,vision_target_x_px,vision_target_y_px,vision_x_error,vision_y_error,vision_frame_w,vision_frame_h,vision_brightness_max,vision_area_px,comm_layer,comm_frame_ok,comm_bridge_gap,comm_payload_bytes,comm_frame_bytes,comm_frame_bits,comm_qpsk_symbols,comm_ofdm_symbols,comm_pad_q,comm_tx_samples,comm_cp_samples,comm_pilot_bins,comm_status_line,raw_line,source_label
2026-08-10T07:22:12.891502+00:00,1,,0,0,50,62.0,0.062,0.003844,trk,0,Standby,Shading detection waits for a locked tracker and positive power.,normal,,,55.0,0.0,0.0,idle,27.5,50.0,track-pan,90.0,90.0,43.53,56.719,57.158,1,,,,,,,,,,,,CRC/QPSK/OFDM,1,0,129,133,1064,532,12,44,960,192,48,"p1br,seq=00000,frame_b=00133,bits=01064,qpsk=00532,ofdm=012,pad_q=00044,gap=0,ok=1","ldrtrk,seq=00000,pan=090.00,tilt=090.00,sun_pan=043.53,sun_tilt=056.72,err=57.16,state=track-pan",Orin LDR shading final
2026-08-10T07:22:13.333816+00:00,1,,0,1,48,58.0,0.058,0.003364,trk,0,Standby,Shading detection waits for a locked tracker and positive power.,normal,,,55.0,0.0,0.0,idle,27.5,50.0,track-pan,87.0,90.0,51.513,60.145,46.375,1,,,,,,,,,,,,CRC/QPSK/OFDM,1,0,129,133,1064,532,12,44,960,192,48,"p1br,seq=00001,frame_b=00133,bits=01064,qpsk=00532,ofdm=012,pad_q=00044,gap=0,ok=1","ldrtrk,seq=00001,pan=087.00,tilt=090.00,sun_pan=051.51,sun_tilt=060.15,err=46.38,state=track-pan",Orin LDR shading final
2026-08-10T07:22:13.828693+00:00,1,,0,2,46,62.0,0.062,0.003844,trk,0,Standby,Shading detection waits for a locked tracker and positive power.,normal,,,55.0,0.0,0.0,idle,27.5,50.0,track-pan,84.0,90.0,44.905,57.221,51.018,1,,,,,,,,,,,,CRC/QPSK/OFDM,1,0,129,133,1064,532,12,44,960,192,48,"p1br,seq=00002,frame_b=00133,bits=01064,qpsk=00532,ofdm=012,pad_q=00044,gap=0,ok=1","ldrtrk,seq=00002,pan=084.00,tilt=090.00,sun_pan=044.91,sun_tilt=057.22,err=51.02,state=track-pan",Orin LDR shading final
2026-08-10T07:22:14.339844+00:00,1,,0,3,44,62.0,0.062,0.003844,trk,0,Standby,Shading detection waits for a locked tracker and positive power.,normal,,,55.0,0.0,0.0,idle,27.5,50.0,track-pan,81.0,90.0,44.972,57.83,48.301,1,,,,,,,,,,,,CRC/QPSK/OFDM,1,0,129,133,1064,532,12,44,960,192,48,"p1br,seq=00003,frame_b=00133,bits=01064,qpsk=00532,ofdm=012,pad_q=00044,gap=0,ok=1","ldrtrk,seq=00003,pan=081.00,tilt=090.00,sun_pan=044.97,sun_tilt=057.83,err=48.30,state=track-pan",Orin LDR shading final
2026-08-10T07:22:14.851002+00:00,1,,0,4,42,62.0,0.062,0.003844,trk,0,Standby,Shading detection waits for a locked tracker and positive power.,normal,,,55.0,0.0,0.0,idle,27.5,50.0,track-pan,78.0,90.0,45.305,58.905,45.121,1,,,,,,,,,,,,CRC/QPSK/OFDM,1,0,129,133,1064,532,12,44,960,192,48,"p1br,seq=00004,frame_b=00133,bits=01064,qpsk=00532,ofdm=012,pad_q=00044,gap=0,ok=1","ldrtrk,seq=00004,pan=078.00,tilt=090.00,sun_pan=045.30,sun_tilt=058.90,err=45.12,state=track-pan",Orin LDR shading final
2026-08-10T07:22:15.346442+00:00,1,,0,5,41,62.0,0.062,0.003844,trk,0,Standby,Shading detection waits for a locked tracker and positive power.,normal,,,55.0,0.0,0.0,idle,27.5,50.0,track-pan,75.0,90.0,45.007,58.438,43.54,1,,,,,,,,,,,,CRC/QPSK/OFDM,1,0,129,133,1064,532,12,44,960,192,48,"p1br,seq=00005,frame_b=00133,bits=01064,qpsk=00532,ofdm=012,pad_q=00044,gap=0,ok=1","ldrtrk,seq=00005,pan=075.00,tilt=090.00,sun_pan=045.01,sun_tilt=058.44,err=43.54,state=track-pan",Orin LDR shading final
2026-08-10T07:22:15.859025+00:00,1,,0,6,39,62.0,0.062,0.003844,trk,0,Standby,Shading detection waits for a locked tracker and positive power.,normal,,,55.0,0.0,0.0,idle,27.5,50.0,track-pan,72.0,90.0,45.158,58.876,41.1,1,,,,,,,,,,,,CRC/QPSK/OFDM,1,0,129,133,1064,532,12,44,960,192,48,"p1br,seq=00006,frame_b=00133,bits=01064,qpsk=00532,ofdm=012,pad_q=00044,gap=0,ok=1","ldrtrk,seq=00006,pan=072.00,tilt=090.00,sun_pan=045.16,sun_tilt=058.88,err=41.10,state=track-pan",Orin LDR shading final
2026-08-10T07:22:16.354282+00:00,1,,0,7,37,58.0,0.058,0.003364,trk,0,Standby,Shading detection waits for a locked tracker and positive power.,normal,,,55.0,0.0,0.0,idle,27.5,50.0,track-pan,69.0,90.0,44.864,58.269,39.867,1,,,,,,,,,,,,CRC/QPSK/OFDM,1,0,129,133,1064,532,12,44,960,192,48,"p1br,seq=00007,frame_b=00133,bits=01064,qpsk=00532,ofdm=012,pad_q=00044,gap=0,ok=1","ldrtrk,seq=00007,pan=069.00,tilt=090.00,sun_pan=044.86,sun_tilt=058.27,err=39.87,state=track-pan",Orin LDR shading final
2026-08-10T07:22:16.863167+00:00,1,,0,8,35,62.0,0.062,0.003844,trk,0,Standby,Shading detection waits for a locked tracker and positive power.,normal,,,55.0,0.0,0.0,idle,27.5,50.0,track-pan,66.0,90.0,44.91,58.248,38.118,1,,,,,,,,,,,,CRC/QPSK/OFDM,1,0,129,133,1064,532,12,44,960,192,48,"p1br,seq=00008,frame_b=00133,bits=01064,qpsk=00532,ofdm=012,pad_q=00044,gap=0,ok=1","ldrtrk,seq=00008,pan=066.00,tilt=090.00,sun_pan=044.91,sun_tilt=058.25,err=38.12,state=track-pan",Orin LDR shading final
2026-08-10T07:22:17.376558+00:00,1,,0,9,33,62.0,0.062,0.003844,trk,0,Standby,Shading detection waits for a locked tracker and positive power.,normal,,,55.0,0.0,0.0,idle,27.5,50.0,track-pan,63.0,90.0,44.93,58.474,36.338,1,,,,,,,,,,,,CRC/QPSK/OFDM,1,0,129,133,1064,532,12,44,960,192,48,"p1br,seq=00009,frame_b=00133,bits=01064,qpsk=00532,ofdm=012,pad_q=00044,gap=0,ok=1","ldrtrk,seq=00009,pan=063.00,tilt=090.00,sun_pan=044.93,sun_tilt=058.47,err=36.34,state=track-pan",Orin LDR shading final
2026-08-10T07:22:17.871155+00:00,1,,0,10,31,62.0,0.062,0.003844,trk,0,Standby,Shading detection waits for a locked tracker and positive power.,normal,,,55.0,0.0,0.0,idle,27.5,50.0,track-pan,60.0,90.0,44.508,58.743,34.886,1,,,,,,,,,,,,CRC/QPSK/OFDM,1,0,129,133,1064,532,12,44,960,192,48,"p1br,seq=00010,frame_b=00133,bits=01064,qpsk=00532,ofdm=012,pad_q=00044,gap=0,ok=1","ldrtrk,seq=00010,pan=060.00,tilt=090.00,sun_pan=044.51,sun_tilt=058.74,err=34.89,state=track-pan",Orin LDR shading final
2026-08-10T07:22:18.383575+00:00,1,,0,11,29,62.0,0.062,0.003844,trk,0,Standby,Shading detection waits for a locked tracker and positive power.,normal,,,55.0,0.0,0.0,idle,27.5,50.0,track-pan,57.0,90.0,44.945,58.439,33.785,1,,,,,,,,,,,,CRC/QPSK/OFDM,1,0,129,133,1064,532,12,44,960,192,48,"p1br,seq=00011,frame_b=00133,bits=01064,qpsk=00532,ofdm=012,pad_q=00044,gap=0,ok=1","ldrtrk,seq=00011,pan=057.00,tilt=090.00,sun_pan=044.94,sun_tilt=058.44,err=33.79,state=track-pan",Orin LDR shading final
2026-08-10T07:22:18.880592+00:00,1,,0,12,28,62.0,0.062,0.003844,trk,0,Standby,Shading detection waits for a locked tracker and positive power.,normal,,,55.0,0.0,0.0,idle,27.5,50.0,track-pan,54.0,90.0,44.944,59.005,32.291,1,,,,,,,,,,,,CRC/QPSK/OFDM,1,0,129,133,1064,532,12,44,960,192,48,"p1br,seq=00012,frame_b=00133,bits=01064,qpsk=00532,ofdm=012,pad_q=00044,gap=0,ok=1","ldrtrk,seq=00012,pan=054.00,tilt=090.00,sun_pan=044.94,sun_tilt=059.01,err=32.29,state=track-pan",Orin LDR shading final
2026-08-10T07:22:19.390086+00:00,1,,0,13,26,58.0,0.058,0.003364,trk,0,Standby,Shading detection waits for a locked tracker and positive power.,normal,,,55.0,0.0,0.0,idle,27.5,50.0,track-pan,51.0,90.0,44.83,58.572,32.027,1,,,,,,,,,,,,CRC/QPSK/OFDM,1,0,129,133,1064,532,12,44,960,192,48,"p1br,seq=00013,frame_b=00133,bits=01064,qpsk=00532,ofdm=012,pad_q=00044,gap=0,ok=1","ldrtrk,seq=00013,pan=051.00,tilt=090.00,sun_pan=044.83,sun_tilt=058.57,err=32.03,state=track-pan",Orin LDR shading final
2026-08-10T07:22:19.901567+00:00,1,,0,14,24,58.0,0.058,0.003364,trk,0,Standby,Shading detection waits for a locked tracker and positive power.,normal,,,55.0,0.0,0.0,idle,27.5,50.0,track-pan,48.0,90.0,45.244,59.376,30.748,1,,,,,,,,,,,,CRC/QPSK/OFDM,1,0,129,133,1064,532,12,44,960,192,48,"p1br,seq=00014,frame_b=00133,bits=01064,qpsk=00532,ofdm=012,pad_q=00044,gap=0,ok=1","ldrtrk,seq=00014,pan=048.00,tilt=090.00,sun_pan=045.24,sun_tilt=059.38,err=30.75,state=track-pan",Orin LDR shading final
2026-08-10T07:22:20.398645+00:00,1,,0,15,22,58.0,0.058,0.003364,trk,0,Standby,Shading detection waits for a locked tracker and positive power.,normal,,,55.0,0.0,0.0,idle,27.5,50.0,track-pan,45.943,90.0,45.943,60.757,29.243,1,,,,,,,,,,,,CRC/QPSK/OFDM,1,0,129,133,1064,532,12,44,960,192,48,"p1br,seq=00015,frame_b=00133,bits=01064,qpsk=00532,ofdm=012,pad_q=00044,gap=0,ok=1","ldrtrk,seq=00015,pan=045.94,tilt=090.00,sun_pan=045.94,sun_tilt=060.76,err=29.24,state=track-pan",Orin LDR shading final
2026-08-10T07:22:20.907228+00:00,1,,0,16,22,62.0,0.062,0.003844,trk,0,Standby,Shading detection waits for a locked tracker and positive power.,normal,,,55.0,0.0,0.0,idle,27.5,50.0,track-tilt,45.943,90.0,46.061,60.957,29.043,1,,,,,,,,,,,,CRC/QPSK/OFDM,1,0,129,133,1064,532,12,44,960,192,48,"p1br,seq=00016,frame_b=00133,bits=01064,qpsk=00532,ofdm=012,pad_q=00044,gap=0,ok=1","ldrtrk,seq=00016,pan=045.94,tilt=090.00,sun_pan=046.06,sun_tilt=060.96,err=29.04,state=track-tilt",Orin LDR shading final
2026-08-10T07:22:21.403810+00:00,1,,0,17,22,62.0,0.062,0.003844,trk,0,Standby,Shading detection waits for a locked tracker and positive power.,normal,,,55.0,0.0,0.0,idle,27.5,50.0,track-tilt,45.943,87.0,46.162,61.083,25.918,1,,,,,,,,,,,,CRC/QPSK/OFDM,1,0,129,133,1064,532,12,44,960,192,48,"p1br,seq=00017,frame_b=00133,bits=01064,qpsk=00532,ofdm=012,pad_q=00044,gap=0,ok=1","ldrtrk,seq=00017,pan=045.94,tilt=087.00,sun_pan=046.16,sun_tilt=061.08,err=25.92,state=track-tilt",Orin LDR shading final
2026-08-10T07:22:21.916748+00:00,1,,0,18,22,62.0,0.062,0.003844,trk,0,Standby,Shading detection waits for a locked tracker and positive power.,normal,,,55.0,0.0,0.0,idle,27.5,50.0,track-tilt,45.943,84.0,45.768,60.497,23.504,1,,,,,,,,,,,,CRC/QPSK/OFDM,1,0,129,133,1064,532,12,44,960,192,48,"p1br,seq=00018,frame_b=00133,bits=01064,qpsk=00532,ofdm=012,pad_q=00044,gap=0,ok=1","ldrtrk,seq=00018,pan=045.94,tilt=084.00,sun_pan=045.77,sun_tilt=060.50,err=23.50,state=track-tilt",Orin LDR shading final
2026-08-10T07:22:22.413312+00:00,1,,0,19,22,62.0,0.062,0.003844,trk,0,Standby,Shading detection waits for a locked tracker and positive power.,normal,,,55.0,0.0,0.0,idle,27.5,50.0,track-tilt,45.943,81.0,45.464,60.023,20.983,1,,,,,,,,,,,,CRC/QPSK/OFDM,1,0,129,133,1064,532,12,44,960,192,48,"p1br,seq=00019,frame_b=00133,bits=01064,qpsk=00532,ofdm=012,pad_q=00044,gap=0,ok=1","ldrtrk,seq=00019,pan=045.94,tilt=081.00,sun_pan=045.46,sun_tilt=060.02,err=20.98,state=track-tilt",Orin LDR shading final
2026-08-10T07:22:22.922389+00:00,1,,0,20,22,67.0,0.067,0.004489,trk,0,Standby,Shading detection waits for a locked tracker and positive power.,normal,,,55.0,0.0,0.0,idle,27.5,50.0,track-tilt,45.943,78.0,45.326,59.612,18.398,1,,,,,,,,,,,,CRC/QPSK/OFDM,1,0,129,133,1064,532,12,44,960,192,48,"p1br,seq=00020,frame_b=00133,bits=01064,qpsk=00532,ofdm=012,pad_q=00044,gap=0,ok=1","ldrtrk,seq=00020,pan=045.94,tilt=078.00,sun_pan=045.33,sun_tilt=059.61,err=18.40,state=track-tilt",Orin LDR shading final
2026-08-10T07:22:23.435102+00:00,1,,0,21,22,67.0,0.067,0.004489,trk,0,Standby,Shading detection waits for a locked tracker and positive power.,normal,,,55.0,0.0,0.0,idle,27.5,50.0,track-tilt,45.943,75.0,45.195,58.62,16.397,1,,,,,,,,,,,,CRC/QPSK/OFDM,1,0,129,133,1064,532,12,44,960,192,48,"p1br,seq=00021,frame_b=00133,bits=01064,qpsk=00532,ofdm=012,pad_q=00044,gap=0,ok=1","ldrtrk,seq=00021,pan=045.94,tilt=075.00,sun_pan=045.19,sun_tilt=058.62,err=16.40,state=track-tilt",Orin LDR shading final
2026-08-10T07:22:23.930213+00:00,1,,0,22,22,71.0,0.071,0.005041,trk,0,Standby,Shading detection waits for a locked tracker and positive power.,normal,,,55.0,0.0,0.0,idle,27.5,50.0,track-tilt,45.943,72.0,44.037,56.558,15.559,1,,,,,,,,,,,,CRC/QPSK/OFDM,1,0,129,133,1064,532,12,44,960,192,48,"p1br,seq=00022,frame_b=00133,bits=01064,qpsk=00532,ofdm=012,pad_q=00044,gap=0,ok=1","ldrtrk,seq=00022,pan=045.94,tilt=072.00,sun_pan=044.04,sun_tilt=056.56,err=15.56,state=track-tilt",Orin LDR shading final
2026-08-10T07:22:24.440991+00:00,1,,0,23,22,67.0,0.067,0.004489,trk,0,Standby,Shading detection waits for a locked tracker and positive power.,normal,,,55.0,0.0,0.0,idle,27.5,50.0,track-tilt,45.943,69.0,44.427,57.33,11.768,1,,,,,,,,,,,,CRC/QPSK/OFDM,1,0,129,133,1064,532,12,44,960,192,48,"p1br,seq=00023,frame_b=00133,bits=01064,qpsk=00532,ofdm=012,pad_q=00044,gap=0,ok=1","ldrtrk,seq=00023,pan=045.94,tilt=069.00,sun_pan=044.43,sun_tilt=057.33,err=11.77,state=track-tilt",Orin LDR shading final
2026-08-10T07:22:24.934557+00:00,1,,0,24,22,71.0,0.071,0.005041,trk,0,Standby,Shading detection waits for a locked tracker and positive power.,normal,,,55.0,0.0,0.0,idle,27.5,50.0,track-tilt,45.943,66.0,44.695,58.381,7.72,1,,,,,,,,,,,,CRC/QPSK/OFDM,1,0,129,133,1064,532,12,44,960,192,48,"p1br,seq=00024,frame_b=00133,bits=01064,qpsk=00532,ofdm=012,pad_q=00044,gap=0,ok=1","ldrtrk,seq=00024,pan=045.94,tilt=066.00,sun_pan=044.70,sun_tilt=058.38,err=07.72,state=track-tilt",Orin LDR shading final
2026-08-10T07:22:25.446260+00:00,1,,0,25,22,71.0,0.071,0.005041,trk,0,Standby,Shading detection waits for a locked tracker and positive power.,normal,,,55.0,0.0,0.0,idle,27.5,50.0,track-tilt,45.943,63.0,44.503,58.088,5.119,1,,,,,,,,,,,,CRC/QPSK/OFDM,1,0,129,133,1064,532,12,44,960,192,48,"p1br,seq=00025,frame_b=00133,bits=01064,qpsk=00532,ofdm=012,pad_q=00044,gap=0,ok=1","ldrtrk,seq=00025,pan=045.94,tilt=063.00,sun_pan=044.50,sun_tilt=058.09,err=05.12,state=track-tilt",Orin LDR shading final
2026-08-10T07:22:25.959262+00:00,1,,0,26,22,71.0,0.071,0.005041,trk,0,Standby,Shading detection waits for a locked tracker and positive power.,normal,,,55.0,0.0,0.0,idle,27.5,50.0,track-tilt,45.943,60.0,43.496,56.998,3.873,1,,,,,,,,,,,,CRC/QPSK/OFDM,1,0,129,133,1064,532,12,44,960,192,48,"p1br,seq=00026,frame_b=00133,bits=01064,qpsk=00532,ofdm=012,pad_q=00044,gap=0,ok=1","ldrtrk,seq=00026,pan=045.94,tilt=060.00,sun_pan=043.50,sun_tilt=057.00,err=03.87,state=track-tilt",Orin LDR shading final
2026-08-10T07:22:26.454541+00:00,1,,0,27,22,71.0,0.071,0.005041,trk,0,Standby,Shading detection waits for a locked tracker and positive power.,normal,,,55.0,0.0,0.0,idle,27.5,50.0,track-tilt,45.943,58.925,43.732,58.925,2.211,1,,,,,,,,,,,,CRC/QPSK/OFDM,1,0,129,133,1064,532,12,44,960,192,48,"p1br,seq=00027,frame_b=00133,bits=01064,qpsk=00532,ofdm=012,pad_q=00044,gap=0,ok=1","ldrtrk,seq=00027,pan=045.94,tilt=058.93,sun_pan=043.73,sun_tilt=058.93,err=02.21,state=track-tilt",Orin LDR shading final
2026-08-10T07:22:26.963748+00:00,1,,0,28,22,71.0,0.071,0.005041,trk,0,Standby,Shading detection waits for a locked tracker and positive power.,normal,,,55.0,0.0,0.0,idle,27.5,50.0,track-pan,45.943,58.925,44.234,59.11,1.719,1,,,,,,,,,,,,CRC/QPSK/OFDM,1,0,129,133,1064,532,12,44,960,192,48,"p1br,seq=00028,frame_b=00133,bits=01064,qpsk=00532,ofdm=012,pad_q=00044,gap=0,ok=1","ldrtrk,seq=00028,pan=045.94,tilt=058.93,sun_pan=044.23,sun_tilt=059.11,err=01.72,state=track-pan",Orin LDR shading final
2026-08-10T07:22:27.462816+00:00,1,,0,29,21,71.0,0.071,0.005041,trk,0,Standby,Shading detection waits for a locked tracker and positive power.,normal,,,55.0,0.0,0.0,idle,27.5,50.0,track-pan,43.807,58.925,43.807,58.806,0.119,1,,,,,,,,,,,,CRC/QPSK/OFDM,1,0,129,133,1064,532,12,44,960,192,48,"p1br,seq=00029,frame_b=00133,bits=01064,qpsk=00532,ofdm=012,pad_q=00044,gap=0,ok=1","ldrtrk,seq=00029,pan=043.81,tilt=058.93,sun_pan=043.81,sun_tilt=058.81,err=00.12,state=track-pan",Orin LDR shading final
2026-08-10T07:22:27.972593+00:00,1,,0,30,21,71.0,0.071,0.005041,trk,0,Learning,Learning locked-state shading baseline (1/8).,normal,,,55.0,0.0,0.0,idle,27.5,50.0,locked,43.807,58.925,44.055,58.935,0.248,1,,,,,,,,,,,,CRC/QPSK/OFDM,1,0,129,133,1064,532,12,44,960,192,48,"p1br,seq=00030,frame_b=00133,bits=01064,qpsk=00532,ofdm=012,pad_q=00044,gap=0,ok=1","ldrtrk,seq=00030,pan=043.81,tilt=058.93,sun_pan=044.06,sun_tilt=058.94,err=00.25,state=locked",Orin LDR shading final
2026-08-10T07:22:28.470075+00:00,1,,0,31,21,71.0,0.071,0.005041,trk,0,Learning,Learning locked-state shading baseline (2/8).,normal,,,55.0,0.0,0.0,idle,27.5,50.0,locked,43.807,58.925,43.811,58.994,0.069,1,,,,,,,,,,,,CRC/QPSK/OFDM,1,0,129,133,1064,532,12,44,960,192,48,"p1br,seq=00031,frame_b=00133,bits=01064,qpsk=00532,ofdm=012,pad_q=00044,gap=0,ok=1","ldrtrk,seq=00031,pan=043.81,tilt=058.93,sun_pan=043.81,sun_tilt=058.99,err=00.07,state=locked",Orin LDR shading final
2026-08-10T07:22:28.979999+00:00,1,,0,32,21,71.0,0.071,0.005041,trk,0,Learning,Learning locked-state shading baseline (3/8).,normal,,,55.0,0.0,0.0,idle,27.5,50.0,locked,43.807,58.925,43.884,58.974,0.092,1,,,,,,,,,,,,CRC/QPSK/OFDM,1,0,129,133,1064,532,12,44,960,192,48,"p1br,seq=00032,frame_b=00133,bits=01064,qpsk=00532,ofdm=012,pad_q=00044,gap=0,ok=1","ldrtrk,seq=00032,pan=043.81,tilt=058.93,sun_pan=043.88,sun_tilt=058.97,err=00.09,state=locked",Orin LDR shading final
2026-08-10T07:22:29.498796+00:00,1,,0,33,21,71.0,0.071,0.005041,trk,0,Learning,Learning locked-state shading baseline (4/8).,normal,,,55.0,0.0,0.0,idle,27.5,50.0,locked,43.807,58.925,44.108,59.197,0.405,1,,,,,,,,,,,,CRC/QPSK/OFDM,1,0,129,133,1064,532,12,44,960,192,48,"p1br,seq=00033,frame_b=00133,bits=01064,qpsk=00532,ofdm=012,pad_q=00044,gap=0,ok=1","ldrtrk,seq=00033,pan=043.81,tilt=058.93,sun_pan=044.11,sun_tilt=059.20,err=00.41,state=locked",Orin LDR shading final
2026-08-10T07:22:30.084742+00:00,1,,0,34,21,71.0,0.071,0.005041,trk,0,Learning,Learning locked-state shading baseline (5/8).,normal,,,55.0,0.0,0.0,idle,27.5,50.0,locked,43.807,58.925,43.774,59.143,0.221,1,,,,,,,,,,,,CRC/QPSK/OFDM,1,0,129,133,1064,532,12,44,960,192,48,"p1br,seq=00034,frame_b=00133,bits=01064,qpsk=00532,ofdm=012,pad_q=00044,gap=0,ok=1","ldrtrk,seq=00034,pan=043.81,tilt=058.93,sun_pan=043.77,sun_tilt=059.14,err=00.22,state=locked",Orin LDR shading final
2026-08-10T07:22:30.499231+00:00,1,,0,35,21,67.0,0.067,0.004489,trk,0,Standby,Shading detection waits for a locked tracker and positive power.,normal,,,55.0,0.0,0.0,idle,27.5,50.0,track-tilt,43.807,58.925,43.805,60.056,1.131,1,,,,,,,,,,,,CRC/QPSK/OFDM,1,0,129,133,1064,532,12,44,960,192,48,"p1br,seq=00035,frame_b=00133,bits=01064,qpsk=00532,ofdm=012,pad_q=00044,gap=0,ok=1","ldrtrk,seq=00035,pan=043.81,tilt=058.93,sun_pan=043.81,sun_tilt=060.06,err=01.13,state=track-tilt",Orin LDR shading final
2026-08-10T07:22:31.108781+00:00,1,,0,36,21,67.0,0.067,0.004489,trk,0,Standby,Shading detection waits for a locked tracker and positive power.,normal,,,55.0,0.0,0.0,idle,27.5,50.0,track-tilt,43.807,60.156,44.173,60.156,0.366,1,,,,,,,,,,,,CRC/QPSK/OFDM,1,0,129,133,1064,532,12,44,960,192,48,"p1br,seq=00036,frame_b=00133,bits=01064,qpsk=00532,ofdm=012,pad_q=00044,gap=0,ok=1","ldrtrk,seq=00036,pan=043.81,tilt=060.16,sun_pan=044.17,sun_tilt=060.16,err=00.37,state=track-tilt",Orin LDR shading final
2026-08-10T07:22:31.514955+00:00,1,,0,37,21,71.0,0.071,0.005041,trk,0,Learning,Learning locked-state shading baseline (6/8).,normal,,,55.0,0.0,0.0,idle,27.5,50.0,locked,43.807,60.156,43.985,60.05,0.207,1,,,,,,,,,,,,CRC/QPSK/OFDM,1,0,129,133,1064,532,12,44,960,192,48,"p1br,seq=00037,frame_b=00133,bits=01064,qpsk=00532,ofdm=012,pad_q=00044,gap=0,ok=1","ldrtrk,seq=00037,pan=043.81,tilt=060.16,sun_pan=043.98,sun_tilt=060.05,err=00.21,state=locked",Orin LDR shading final
2026-08-10T07:22:32.130074+00:00,1,,0,38,21,67.0,0.067,0.004489,trk,0,Learning,Learning locked-state shading baseline (7/8).,normal,,,55.0,0.0,0.0,idle,27.5,50.0,locked,43.807,60.156,44.006,60.196,0.203,1,,,,,,,,,,,,CRC/QPSK/OFDM,1,0,129,133,1064,532,12,44,960,192,48,"p1br,seq=00038,frame_b=00133,bits=01064,qpsk=00532,ofdm=012,pad_q=00044,gap=0,ok=1","ldrtrk,seq=00038,pan=043.81,tilt=060.16,sun_pan=044.01,sun_tilt=060.20,err=00.20,state=locked",Orin LDR shading final
2026-08-10T07:22:32.543647+00:00,1,,0,39,21,71.0,0.071,0.005041,trk,0,Learning,Learning locked-state shading baseline (8/8).,normal,,,55.0,0.0,0.0,idle,27.5,50.0,locked,43.807,60.156,44.011,60.283,0.24,1,,,,,,,,,,,,CRC/QPSK/OFDM,1,0,129,133,1064,532,12,44,960,192,48,"p1br,seq=00039,frame_b=00133,bits=01064,qpsk=00532,ofdm=012,pad_q=00044,gap=0,ok=1","ldrtrk,seq=00039,pan=043.81,tilt=060.16,sun_pan=044.01,sun_tilt=060.28,err=00.24,state=locked",Orin LDR shading final
2026-08-10T07:22:33.024068+00:00,1,,0,40,21,71.0,0.071,0.005041,trk,0,OK,Panel response is 100.2% of the learned baseline.,normal,,,55.0,0.0,0.0,idle,27.5,50.0,locked,43.807,60.156,43.995,59.31,0.866,1,,,,,,,,,,,,CRC/QPSK/OFDM,1,0,129,133,1064,532,12,44,960,192,48,"p1br,seq=00040,frame_b=00133,bits=01064,qpsk=00532,ofdm=012,pad_q=00044,gap=0,ok=1","ldrtrk,seq=00040,pan=043.81,tilt=060.16,sun_pan=044.00,sun_tilt=059.31,err=00.87,state=locked",Orin LDR shading final
2026-08-10T07:22:33.562840+00:00,1,,0,41,21,71.0,0.071,0.005041,trk,0,OK,Panel response is 100.0% of the learned baseline.,normal,,,55.0,0.0,0.0,idle,27.5,50.0,locked,43.807,60.156,43.843,59.265,0.892,1,,,,,,,,,,,,CRC/QPSK/OFDM,1,0,129,133,1064,532,12,44,960,192,48,"p1br,seq=00041,frame_b=00133,bits=01064,qpsk=00532,ofdm=012,pad_q=00044,gap=0,ok=1","ldrtrk,seq=00041,pan=043.81,tilt=060.16,sun_pan=043.84,sun_tilt=059.26,err=00.89,state=locked",Orin LDR shading final
2026-08-10T07:22:34.030680+00:00,1,,0,42,21,71.0,0.071,0.005041,trk,0,Standby,Shading detection waits for a locked tracker and positive power.,normal,,,55.0,0.0,0.0,idle,27.5,50.0,track-tilt,43.807,60.156,43.873,59.1,1.058,1,,,,,,,,,,,,CRC/QPSK/OFDM,1,0,129,133,1064,532,12,44,960,192,48,"p1br,seq=00042,frame_b=00133,bits=01064,qpsk=00532,ofdm=012,pad_q=00044,gap=0,ok=1","ldrtrk,seq=00042,pan=043.81,tilt=060.16,sun_pan=043.87,sun_tilt=059.10,err=01.06,state=track-tilt",Orin LDR shading final
2026-08-10T07:22:34.584958+00:00,1,,0,43,21,71.0,0.071,0.005041,trk,0,Standby,Shading detection waits for a locked tracker and positive power.,normal,,,55.0,0.0,0.0,idle,27.5,50.0,track-tilt,43.807,58.933,43.538,58.933,0.269,1,,,,,,,,,,,,CRC/QPSK/OFDM,1,0,129,133,1064,532,12,44,960,192,48,"p1br,seq=00043,frame_b=00133,bits=01064,qpsk=00532,ofdm=012,pad_q=00044,gap=0,ok=1","ldrtrk,seq=00043,pan=043.81,tilt=058.93,sun_pan=043.54,sun_tilt=058.93,err=00.27,state=track-tilt",Orin LDR shading final
2026-08-10T07:22:35.037450+00:00,1,,0,44,21,75.0,0.075,0.005625,trk,0,OK,Panel response is 110.2% of the learned baseline.,normal,,,55.0,0.0,0.0,idle,27.5,50.0,locked,43.807,58.933,43.488,58.176,0.822,1,,,,,,,,,,,,CRC/QPSK/OFDM,1,0,129,133,1064,532,12,44,960,192,48,"p1br,seq=00044,frame_b=00133,bits=01064,qpsk=00532,ofdm=012,pad_q=00044,gap=0,ok=1","ldrtrk,seq=00044,pan=043.81,tilt=058.93,sun_pan=043.49,sun_tilt=058.18,err=00.82,state=locked",Orin LDR shading final
2026-08-10T07:22:35.613378+00:00,1,,0,45,21,80.0,0.08,0.0064,trk,0,Standby,Shading detection waits for a locked tracker and positive power.,normal,,,55.0,0.0,0.0,idle,27.5,50.0,track-tilt,43.807,58.933,41.338,53.683,5.802,1,,,,,,,,,,,,CRC/QPSK/OFDM,1,0,129,133,1064,532,12,44,960,192,48,"p1br,seq=00045,frame_b=00133,bits=01064,qpsk=00532,ofdm=012,pad_q=00044,gap=0,ok=1","ldrtrk,seq=00045,pan=043.81,tilt=058.93,sun_pan=041.34,sun_tilt=053.68,err=05.80,state=track-tilt",Orin LDR shading final
2026-08-10T07:22:36.044036+00:00,1,,0,46,21,84.0,0.084,0.007056,trk,0,Standby,Shading detection waits for a locked tracker and positive power.,normal,,,55.0,0.0,0.0,idle,27.5,50.0,track-tilt,43.807,55.933,40.658,50.182,6.557,1,,,,,,,,,,,,CRC/QPSK/OFDM,1,0,129,133,1064,532,12,44,960,192,48,"p1br,seq=00046,frame_b=00133,bits=01064,qpsk=00532,ofdm=012,pad_q=00044,gap=0,ok=1","ldrtrk,seq=00046,pan=043.81,tilt=055.93,sun_pan=040.66,sun_tilt=050.18,err=06.56,state=track-tilt",Orin LDR shading final
2026-08-10T07:22:36.635115+00:00,1,,0,47,21,84.0,0.084,0.007056,trk,0,Standby,Shading detection waits for a locked tracker and positive power.,normal,,,55.0,0.0,0.0,idle,27.5,50.0,track-tilt,43.807,52.933,40.965,50.076,4.03,1,,,,,,,,,,,,CRC/QPSK/OFDM,1,0,129,133,1064,532,12,44,960,192,48,"p1br,seq=00047,frame_b=00133,bits=01064,qpsk=00532,ofdm=012,pad_q=00044,gap=0,ok=1","ldrtrk,seq=00047,pan=043.81,tilt=052.93,sun_pan=040.96,sun_tilt=050.08,err=04.03,state=track-tilt",Orin LDR shading final
2026-08-10T07:22:37.052137+00:00,1,,0,48,21,89.0,0.089,0.007921,trk,0,Standby,Shading detection waits for a locked tracker and positive power.,normal,,,55.0,0.0,0.0,idle,27.5,50.0,track-tilt,43.807,50.026,40.95,50.026,2.857,1,,,,,,,,,,,,CRC/QPSK/OFDM,1,0,129,133,1064,532,12,44,960,192,48,"p1br,seq=00048,frame_b=00133,bits=01064,qpsk=00532,ofdm=012,pad_q=00044,gap=0,ok=1","ldrtrk,seq=00048,pan=043.81,tilt=050.03,sun_pan=040.95,sun_tilt=050.03,err=02.86,state=track-tilt",Orin LDR shading final
2026-08-10T07:22:37.655600+00:00,1,,0,49,21,89.0,0.089,0.007921,trk,0,Standby,Shading detection waits for a locked tracker and positive power.,normal,,,55.0,0.0,0.0,idle,27.5,50.0,track-pan,43.807,50.026,40.696,49.908,3.113,1,,,,,,,,,,,,CRC/QPSK/OFDM,1,0,129,133,1064,532,12,44,960,192,48,"p1br,seq=00049,frame_b=00133,bits=01064,qpsk=00532,ofdm=012,pad_q=00044,gap=0,ok=1","ldrtrk,seq=00049,pan=043.81,tilt=050.03,sun_pan=040.70,sun_tilt=049.91,err=03.11,state=track-pan",Orin LDR shading final
2026-08-10T07:22:38.087391+00:00,1,,0,50,19,84.0,0.084,0.007056,trk,0,Standby,Shading detection waits for a locked tracker and positive power.,normal,,,55.0,0.0,0.0,idle,27.5,50.0,track-pan,40.807,50.026,40.735,49.989,0.081,1,,,,,,,,,,,,CRC/QPSK/OFDM,1,0,129,133,1064,532,12,44,960,192,48,"p1br,seq=00050,frame_b=00133,bits=01064,qpsk=00532,ofdm=012,pad_q=00044,gap=0,ok=1","ldrtrk,seq=00050,pan=040.81,tilt=050.03,sun_pan=040.73,sun_tilt=049.99,err=00.08,state=track-pan",Orin LDR shading final
2026-08-10T07:22:38.570547+00:00,1,,0,51,19,89.0,0.089,0.007921,trk,0,OK,Panel response is 141.1% of the learned baseline.,normal,,,55.0,0.0,0.0,idle,27.5,50.0,locked,40.807,50.026,40.76,49.816,0.215,1,,,,,,,,,,,,CRC/QPSK/OFDM,1,0,129,133,1064,532,12,44,960,192,48,"p1br,seq=00051,frame_b=00133,bits=01064,qpsk=00532,ofdm=012,pad_q=00044,gap=0,ok=1","ldrtrk,seq=00051,pan=040.81,tilt=050.03,sun_pan=040.76,sun_tilt=049.82,err=00.22,state=locked",Orin LDR shading final
2026-08-10T07:22:39.081243+00:00,1,,0,52,19,89.0,0.089,0.007921,trk,0,OK,Panel response is 139.9% of the learned baseline.,normal,,,55.0,0.0,0.0,idle,27.5,50.0,locked,40.807,50.026,40.715,49.774,0.268,1,,,,,,,,,,,,CRC/QPSK/OFDM,1,0,129,133,1064,532,12,44,960,192,48,"p1br,seq=00052,frame_b=00133,bits=01064,qpsk=00532,ofdm=012,pad_q=00044,gap=0,ok=1","ldrtrk,seq=00052,pan=040.81,tilt=050.03,sun_pan=040.72,sun_tilt=049.77,err=00.27,state=locked",Orin LDR shading final
2026-08-10T07:22:39.577241+00:00,1,,0,53,19,93.0,0.093,0.008649,trk,0,OK,Panel response is 151.3% of the learned baseline.,normal,,,55.0,0.0,0.0,idle,27.5,50.0,locked,40.807,50.026,40.629,49.666,0.401,1,,,,,,,,,,,,CRC/QPSK/OFDM,1,0,129,133,1064,532,12,44,960,192,48,"p1br,seq=00053,frame_b=00133,bits=01064,qpsk=00532,ofdm=012,pad_q=00044,gap=0,ok=1","ldrtrk,seq=00053,pan=040.81,tilt=050.03,sun_pan=040.63,sun_tilt=049.67,err=00.40,state=locked",Orin LDR shading final
2026-08-10T07:22:40.088598+00:00,1,,0,54,19,84.0,0.084,0.007056,trk,0,OK,Panel response is 122.5% of the learned baseline.,normal,,,55.0,0.0,0.0,idle,27.5,50.0,locked,40.807,50.026,40.708,49.893,0.166,1,,,,,,,,,,,,CRC/QPSK/OFDM,1,0,129,133,1064,532,12,44,960,192,48,"p1br,seq=00054,frame_b=00133,bits=01064,qpsk=00532,ofdm=012,pad_q=00044,gap=0,ok=1","ldrtrk,seq=00054,pan=040.81,tilt=050.03,sun_pan=040.71,sun_tilt=049.89,err=00.17,state=locked",Orin LDR shading final
2026-08-10T07:22:40.602244+00:00,1,,0,55,19,93.0,0.093,0.008649,trk,0,OK,Panel response is 148.6% of the learned baseline.,normal,,,55.0,0.0,0.0,idle,27.5,50.0,locked,40.807,50.026,40.486,49.579,0.55,1,,,,,,,,,,,,CRC/QPSK/OFDM,1,0,129,133,1064,532,12,44,960,192,48,"p1br,seq=00055,frame_b=00133,bits=01064,qpsk=00532,ofdm=012,pad_q=00044,gap=0,ok=1","ldrtrk,seq=00055,pan=040.81,tilt=050.03,sun_pan=040.49,sun_tilt=049.58,err=00.55,state=locked",Orin LDR shading final
2026-08-10T07:22:41.096190+00:00,1,,0,56,19,71.0,0.071,0.005041,trk,0,OK,Panel response is 85.1% of the learned baseline.,normal,,,55.0,0.0,0.0,idle,27.5,50.0,locked,40.807,50.026,41.595,49.14,1.185,1,,,,,,,,,,,,CRC/QPSK/OFDM,1,0,129,133,1064,532,12,44,960,192,48,"p1br,seq=00056,frame_b=00133,bits=01064,qpsk=00532,ofdm=012,pad_q=00044,gap=0,ok=1","ldrtrk,seq=00056,pan=040.81,tilt=050.03,sun_pan=041.59,sun_tilt=049.14,err=01.19,state=locked",Orin LDR shading final
2026-08-10T07:22:41.606550+00:00,1,,0,57,19,40.0,0.04,0.0016,trk,0,Standby,Shading detection waits for a locked tracker and positive power.,normal,,,55.0,0.0,0.0,idle,27.5,50.0,track-pan,40.807,50.026,42.583,50.083,1.777,1,,,,,,,,,,,,CRC/QPSK/OFDM,1,0,129,133,1064,532,12,44,960,192,48,"p1br,seq=00057,frame_b=00133,bits=01064,qpsk=00532,ofdm=012,pad_q=00044,gap=0,ok=1","ldrtrk,seq=00057,pan=040.81,tilt=050.03,sun_pan=042.58,sun_tilt=050.08,err=01.78,state=track-pan",Orin LDR shading final
2026-08-10T07:22:42.110471+00:00,1,,0,58,20,31.0,0.031,0.000961,trk,0,Standby,Shading detection waits for a locked tracker and positive power.,normal,,,55.0,0.0,0.0,idle,27.5,50.0,track-pan,42.529,50.026,42.529,50.284,0.258,1,,,,,,,,,,,,CRC/QPSK/OFDM,1,0,129,133,1064,532,12,44,960,192,48,"p1br,seq=00058,frame_b=00133,bits=01064,qpsk=00532,ofdm=012,pad_q=00044,gap=0,ok=1","ldrtrk,seq=00058,pan=042.53,tilt=050.03,sun_pan=042.53,sun_tilt=050.28,err=00.26,state=track-pan",Orin LDR shading final
2026-08-10T07:22:42.610652+00:00,1,,0,59,20,35.0,0.035,0.001225,trk,0,OK,Panel response is 20.6% of the learned baseline.,normal,,,55.0,0.0,0.0,idle,27.5,50.0,locked,42.529,50.026,42.305,50.434,0.465,1,,,,,,,,,,,,CRC/QPSK/OFDM,1,0,129,133,1064,532,12,44,960,192,48,"p1br,seq=00059,frame_b=00133,bits=01064,qpsk=00532,ofdm=012,pad_q=00044,gap=0,ok=1","ldrtrk,seq=00059,pan=042.53,tilt=050.03,sun_pan=042.31,sun_tilt=050.43,err=00.47,state=locked",Orin LDR shading final
2026-08-10T07:22:43.124543+00:00,1,,0,60,20,31.0,0.031,0.000961,trk,0,OK,Panel response is 16.1% of the learned baseline.,normal,,,55.0,0.0,0.0,idle,27.5,50.0,locked,42.529,50.026,42.717,50.109,0.205,1,,,,,,,,,,,,CRC/QPSK/OFDM,1,0,129,133,1064,532,12,44,960,192,48,"p1br,seq=00060,frame_b=00133,bits=01064,qpsk=00532,ofdm=012,pad_q=00044,gap=0,ok=1","ldrtrk,seq=00060,pan=042.53,tilt=050.03,sun_pan=042.72,sun_tilt=050.11,err=00.21,state=locked",Orin LDR shading final
2026-08-10T07:22:43.620801+00:00,1,,0,61,20,35.0,0.035,0.001225,trk,1,Shading,Panel power per LDR count fell to 20.6% of baseline.,warning,,,55.0,0.0,0.0,idle,27.5,50.0,locked,42.529,50.026,42.583,50.388,0.366,1,,,,,,,,,,,,CRC/QPSK/OFDM,1,0,129,133,1064,532,12,44,960,192,48,"p1br,seq=00061,frame_b=00133,bits=01064,qpsk=00532,ofdm=012,pad_q=00044,gap=0,ok=1","ldrtrk,seq=00061,pan=042.53,tilt=050.03,sun_pan=042.58,sun_tilt=050.39,err=00.37,state=locked",Orin LDR shading final
2026-08-10T07:22:44.131502+00:00,1,,0,62,20,35.0,0.035,0.001225,trk,1,Shading,Panel power per LDR count fell to 20.5% of baseline.,warning,,,55.0,0.0,0.0,idle,27.5,50.0,locked,42.529,50.026,42.671,50.442,0.44,1,,,,,,,,,,,,CRC/QPSK/OFDM,1,0,129,133,1064,532,12,44,960,192,48,"p1br,seq=00062,frame_b=00133,bits=01064,qpsk=00532,ofdm=012,pad_q=00044,gap=0,ok=1","ldrtrk,seq=00062,pan=042.53,tilt=050.03,sun_pan=042.67,sun_tilt=050.44,err=00.44,state=locked",Orin LDR shading final
2026-08-10T07:22:44.628689+00:00,1,,0,63,20,35.0,0.035,0.001225,trk,1,Shading,Panel power per LDR count fell to 20.7% of baseline.,warning,,,55.0,0.0,0.0,idle,27.5,50.0,locked,42.529,50.026,42.623,50.53,0.513,1,,,,,,,,,,,,CRC/QPSK/OFDM,1,0,129,133,1064,532,12,44,960,192,48,"p1br,seq=00063,frame_b=00133,bits=01064,qpsk=00532,ofdm=012,pad_q=00044,gap=0,ok=1","ldrtrk,seq=00063,pan=042.53,tilt=050.03,sun_pan=042.62,sun_tilt=050.53,err=00.51,state=locked",Orin LDR shading final
2026-08-10T07:22:45.140011+00:00,1,,0,64,20,35.0,0.035,0.001225,trk,1,Shading,Panel power per LDR count fell to 20.6% of baseline.,warning,,,55.0,0.0,0.0,idle,27.5,50.0,locked,42.529,50.026,42.658,50.64,0.628,1,,,,,,,,,,,,CRC/QPSK/OFDM,1,0,129,133,1064,532,12,44,960,192,48,"p1br,seq=00064,frame_b=00133,bits=01064,qpsk=00532,ofdm=012,pad_q=00044,gap=0,ok=1","ldrtrk,seq=00064,pan=042.53,tilt=050.03,sun_pan=042.66,sun_tilt=050.64,err=00.63,state=locked",Orin LDR shading final
2026-08-10T07:22:45.636009+00:00,1,,0,65,20,35.0,0.035,0.001225,trk,1,Shading,Panel power per LDR count fell to 20.6% of baseline.,warning,,,55.0,0.0,0.0,idle,27.5,50.0,locked,42.529,50.026,42.604,50.724,0.702,1,,,,,,,,,,,,CRC/QPSK/OFDM,1,0,129,133,1064,532,12,44,960,192,48,"p1br,seq=00065,frame_b=00133,bits=01064,qpsk=00532,ofdm=012,pad_q=00044,gap=0,ok=1","ldrtrk,seq=00065,pan=042.53,tilt=050.03,sun_pan=042.60,sun_tilt=050.72,err=00.70,state=locked",Orin LDR shading final
2026-08-10T07:22:46.144077+00:00,1,,0,66,20,31.0,0.031,0.000961,trk,1,Shading,Panel power per LDR count fell to 16.3% of baseline.,warning,,,55.0,0.0,0.0,idle,27.5,50.0,locked,42.529,50.026,42.317,50.679,0.687,1,,,,,,,,,,,,CRC/QPSK/OFDM,1,0,129,133,1064,532,12,44,960,192,48,"p1br,seq=00066,frame_b=00133,bits=01064,qpsk=00532,ofdm=012,pad_q=00044,gap=0,ok=1","ldrtrk,seq=00066,pan=042.53,tilt=050.03,sun_pan=042.32,sun_tilt=050.68,err=00.69,state=locked",Orin LDR shading final
2026-08-10T07:22:46.658863+00:00,1,,0,67,20,35.0,0.035,0.001225,trk,1,Shading,Panel power per LDR count fell to 20.8% of baseline.,warning,,,55.0,0.0,0.0,idle,27.5,50.0,locked,42.529,50.026,42.205,50.623,0.68,1,,,,,,,,,,,,CRC/QPSK/OFDM,1,0,129,133,1064,532,12,44,960,192,48,"p1br,seq=00067,frame_b=00133,bits=01064,qpsk=00532,ofdm=012,pad_q=00044,gap=0,ok=1","ldrtrk,seq=00067,pan=042.53,tilt=050.03,sun_pan=042.20,sun_tilt=050.62,err=00.68,state=locked",Orin LDR shading final
2026-08-10T07:22:47.154253+00:00,1,,0,68,20,35.0,0.035,0.001225,trk,1,Shading,Panel power per LDR count fell to 20.7% of baseline.,warning,,,55.0,0.0,0.0,idle,27.5,50.0,locked,42.529,50.026,42.354,50.648,0.646,1,,,,,,,,,,,,CRC/QPSK/OFDM,1,0,129,133,1064,532,12,44,960,192,48,"p1br,seq=00068,frame_b=00133,bits=01064,qpsk=00532,ofdm=012,pad_q=00044,gap=0,ok=1","ldrtrk,seq=00068,pan=042.53,tilt=050.03,sun_pan=042.35,sun_tilt=050.65,err=00.65,state=locked",Orin LDR shading final
2026-08-10T07:22:47.665372+00:00,1,,0,69,20,35.0,0.035,0.001225,trk,1,Shading,Panel power per LDR count fell to 20.3% of baseline.,warning,,,55.0,0.0,0.0,idle,27.5,50.0,locked,42.529,50.026,42.477,50.292,0.271,1,,,,,,,,,,,,CRC/QPSK/OFDM,1,0,129,133,1064,532,12,44,960,192,48,"p1br,seq=00069,frame_b=00133,bits=01064,qpsk=00532,ofdm=012,pad_q=00044,gap=0,ok=1","ldrtrk,seq=00069,pan=042.53,tilt=050.03,sun_pan=042.48,sun_tilt=050.29,err=00.27,state=locked",Orin LDR shading final
2026-08-10T07:22:48.161444+00:00,1,,0,70,20,35.0,0.035,0.001225,trk,1,Shading,Panel power per LDR count fell to 20.5% of baseline.,warning,,,55.0,0.0,0.0,idle,27.5,50.0,locked,42.529,50.026,42.57,50.742,0.717,1,,,,,,,,,,,,CRC/QPSK/OFDM,1,0,129,133,1064,532,12,44,960,192,48,"p1br,seq=00070,frame_b=00133,bits=01064,qpsk=00532,ofdm=012,pad_q=00044,gap=0,ok=1","ldrtrk,seq=00070,pan=042.53,tilt=050.03,sun_pan=042.57,sun_tilt=050.74,err=00.72,state=locked",Orin LDR shading final
2026-08-10T07:22:48.671168+00:00,1,,0,71,20,35.0,0.035,0.001225,trk,1,Shading,Panel power per LDR count fell to 20.6% of baseline.,warning,,,55.0,0.0,0.0,idle,27.5,50.0,locked,42.529,50.026,42.534,50.868,0.842,1,,,,,,,,,,,,CRC/QPSK/OFDM,1,0,129,133,1064,532,12,44,960,192,48,"p1br,seq=00071,frame_b=00133,bits=01064,qpsk=00532,ofdm=012,pad_q=00044,gap=0,ok=1","ldrtrk,seq=00071,pan=042.53,tilt=050.03,sun_pan=042.53,sun_tilt=050.87,err=00.84,state=locked",Orin LDR shading final
2026-08-10T07:22:49.182353+00:00,1,,0,72,20,31.0,0.031,0.000961,trk,1,Shading,Panel power per LDR count fell to 16.2% of baseline.,warning,,,55.0,0.0,0.0,idle,27.5,50.0,locked,42.529,50.026,42.429,50.829,0.81,1,,,,,,,,,,,,CRC/QPSK/OFDM,1,0,129,133,1064,532,12,44,960,192,48,"p1br,seq=00072,frame_b=00133,bits=01064,qpsk=00532,ofdm=012,pad_q=00044,gap=0,ok=1","ldrtrk,seq=00072,pan=042.53,tilt=050.03,sun_pan=042.43,sun_tilt=050.83,err=00.81,state=locked",Orin LDR shading final
2026-08-10T07:22:49.678619+00:00,1,,0,73,20,31.0,0.031,0.000961,trk,1,Shading,Panel power per LDR count fell to 16.2% of baseline.,warning,,,55.0,0.0,0.0,idle,27.5,50.0,locked,42.529,50.026,42.572,50.481,0.457,1,,,,,,,,,,,,CRC/QPSK/OFDM,1,0,129,133,1064,532,12,44,960,192,48,"p1br,seq=00073,frame_b=00133,bits=01064,qpsk=00532,ofdm=012,pad_q=00044,gap=0,ok=1","ldrtrk,seq=00073,pan=042.53,tilt=050.03,sun_pan=042.57,sun_tilt=050.48,err=00.46,state=locked",Orin LDR shading final
2026-08-10T07:22:50.190201+00:00,1,,0,74,20,89.0,0.089,0.007921,trk,0,Standby,Shading detection waits for a locked tracker and positive power.,normal,,,55.0,0.0,0.0,idle,27.5,50.0,track-pan,42.529,50.026,40.896,49.617,1.683,1,,,,,,,,,,,,CRC/QPSK/OFDM,1,0,129,133,1064,532,12,44,960,192,48,"p1br,seq=00074,frame_b=00133,bits=01064,qpsk=00532,ofdm=012,pad_q=00044,gap=0,ok=1","ldrtrk,seq=00074,pan=042.53,tilt=050.03,sun_pan=040.90,sun_tilt=049.62,err=01.68,state=track-pan",Orin LDR shading final
2026-08-10T07:22:50.687101+00:00,1,,0,75,19,89.0,0.089,0.007921,trk,0,Standby,Shading detection waits for a locked tracker and positive power.,normal,,,55.0,0.0,0.0,idle,27.5,50.0,track-pan,40.89,50.026,40.89,49.934,0.092,1,,,,,,,,,,,,CRC/QPSK/OFDM,1,0,129,133,1064,532,12,44,960,192,48,"p1br,seq=00075,frame_b=00133,bits=01064,qpsk=00532,ofdm=012,pad_q=00044,gap=0,ok=1","ldrtrk,seq=00075,pan=040.89,tilt=050.03,sun_pan=040.89,sun_tilt=049.93,err=00.09,state=track-pan",Orin LDR shading final
2026-08-10T07:22:51.195065+00:00,1,,0,76,19,89.0,0.089,0.007921,trk,1,Shading,Panel power per LDR count fell to 135.3% of baseline.,warning,,,55.0,0.0,0.0,idle,27.5,50.0,locked,40.89,50.026,40.864,49.876,0.152,1,,,,,,,,,,,,CRC/QPSK/OFDM,1,0,129,133,1064,532,12,44,960,192,48,"p1br,seq=00076,frame_b=00133,bits=01064,qpsk=00532,ofdm=012,pad_q=00044,gap=0,ok=1","ldrtrk,seq=00076,pan=040.89,tilt=050.03,sun_pan=040.86,sun_tilt=049.88,err=00.15,state=locked",Orin LDR shading final
2026-08-10T07:22:51.691691+00:00,1,,0,77,19,89.0,0.089,0.007921,trk,1,Shading,Panel power per LDR count fell to 134.7% of baseline.,warning,,,55.0,0.0,0.0,idle,27.5,50.0,locked,40.89,50.026,40.727,50.021,0.163,1,,,,,,,,,,,,CRC/QPSK/OFDM,1,0,129,133,1064,532,12,44,960,192,48,"p1br,seq=00077,frame_b=00133,bits=01064,qpsk=00532,ofdm=012,pad_q=00044,gap=0,ok=1","ldrtrk,seq=00077,pan=040.89,tilt=050.03,sun_pan=040.73,sun_tilt=050.02,err=00.16,state=locked",Orin LDR shading final
2026-08-10T07:22:52.205085+00:00,1,,0,78,19,89.0,0.089,0.007921,trk,0,OK,Panel response is 133.3% of the learned baseline.,normal,,,55.0,0.0,0.0,idle,27.5,50.0,locked,40.89,50.026,40.678,49.875,0.26,1,,,,,,,,,,,,CRC/QPSK/OFDM,1,0,129,133,1064,532,12,44,960,192,48,"p1br,seq=00078,frame_b=00133,bits=01064,qpsk=00532,ofdm=012,pad_q=00044,gap=0,ok=1","ldrtrk,seq=00078,pan=040.89,tilt=050.03,sun_pan=040.68,sun_tilt=049.87,err=00.26,state=locked",Orin LDR shading final
2026-08-10T07:22:52.717716+00:00,1,,0,79,19,93.0,0.093,0.008649,trk,0,OK,Panel response is 144.0% of the learned baseline.,normal,,,55.0,0.0,0.0,idle,27.5,50.0,locked,40.89,50.026,40.571,49.805,0.388,1,,,,,,,,,,,,CRC/QPSK/OFDM,1,0,129,133,1064,532,12,44,960,192,48,"p1br,seq=00079,frame_b=00133,bits=01064,qpsk=00532,ofdm=012,pad_q=00044,gap=0,ok=1","ldrtrk,seq=00079,pan=040.89,tilt=050.03,sun_pan=040.57,sun_tilt=049.81,err=00.39,state=locked",Orin LDR shading final
2026-08-10T07:22:53.212296+00:00,1,,0,80,19,89.0,0.089,0.007921,trk,0,OK,Panel response is 130.1% of the learned baseline.,normal,,,55.0,0.0,0.0,idle,27.5,50.0,locked,40.89,50.026,40.472,49.674,0.547,1,,,,,,,,,,,,CRC/QPSK/OFDM,1,0,129,133,1064,532,12,44,960,192,48,"p1br,seq=00080,frame_b=00133,bits=01064,qpsk=00532,ofdm=012,pad_q=00044,gap=0,ok=1","ldrtrk,seq=00080,pan=040.89,tilt=050.03,sun_pan=040.47,sun_tilt=049.67,err=00.55,state=locked",Orin LDR shading final
2026-08-10T07:22:53.722666+00:00,1,,0,81,19,89.0,0.089,0.007921,trk,0,OK,Panel response is 130.1% of the learned baseline.,normal,,,55.0,0.0,0.0,idle,27.5,50.0,locked,40.89,50.026,40.651,49.952,0.25,1,,,,,,,,,,,,CRC/QPSK/OFDM,1,0,129,133,1064,532,12,44,960,192,48,"p1br,seq=00081,frame_b=00133,bits=01064,qpsk=00532,ofdm=012,pad_q=00044,gap=0,ok=1","ldrtrk,seq=00081,pan=040.89,tilt=050.03,sun_pan=040.65,sun_tilt=049.95,err=00.25,state=locked",Orin LDR shading final
2026-08-10T07:22:54.218955+00:00,1,,0,82,19,89.0,0.089,0.007921,trk,0,OK,Panel response is 129.3% of the learned baseline.,normal,,,55.0,0.0,0.0,idle,27.5,50.0,locked,40.89,50.026,40.714,49.774,0.307,1,,,,,,,,,,,,CRC/QPSK/OFDM,1,0,129,133,1064,532,12,44,960,192,48,"p1br,seq=00082,frame_b=00133,bits=01064,qpsk=00532,ofdm=012,pad_q=00044,gap=0,ok=1","ldrtrk,seq=00082,pan=040.89,tilt=050.03,sun_pan=040.71,sun_tilt=049.77,err=00.31,state=locked",Orin LDR shading final
2026-08-10T07:22:54.730693+00:00,1,,0,83,19,93.0,0.093,0.008649,trk,0,OK,Panel response is 141.0% of the learned baseline.,normal,,,55.0,0.0,0.0,idle,27.5,50.0,locked,40.89,50.026,40.742,49.783,0.284,1,,,,,,,,,,,,CRC/QPSK/OFDM,1,0,129,133,1064,532,12,44,960,192,48,"p1br,seq=00083,frame_b=00133,bits=01064,qpsk=00532,ofdm=012,pad_q=00044,gap=0,ok=1","ldrtrk,seq=00083,pan=040.89,tilt=050.03,sun_pan=040.74,sun_tilt=049.78,err=00.28,state=locked",Orin LDR shading final
2026-08-10T07:22:55.242112+00:00,1,,0,84,19,89.0,0.089,0.007921,trk,0,OK,Panel response is 128.4% of the learned baseline.,normal,,,55.0,0.0,0.0,idle,27.5,50.0,locked,40.89,50.026,40.799,49.786,0.256,1,,,,,,,,,,,,CRC/QPSK/OFDM,1,0,129,133,1064,532,12,44,960,192,48,"p1br,seq=00084,frame_b=00133,bits=01064,qpsk=00532,ofdm=012,pad_q=00044,gap=0,ok=1","ldrtrk,seq=00084,pan=040.89,tilt=050.03,sun_pan=040.80,sun_tilt=049.79,err=00.26,state=locked",Orin LDR shading final
2026-08-10T07:22:55.737217+00:00,1,,0,85,19,93.0,0.093,0.008649,trk,0,OK,Panel response is 138.9% of the learned baseline.,normal,,,55.0,0.0,0.0,idle,27.5,50.0,locked,40.89,50.026,40.824,49.764,0.27,1,,,,,,,,,,,,CRC/QPSK/OFDM,1,0,129,133,1064,532,12,44,960,192,48,"p1br,seq=00085,frame_b=00133,bits=01064,qpsk=00532,ofdm=012,pad_q=00044,gap=0,ok=1","ldrtrk,seq=00085,pan=040.89,tilt=050.03,sun_pan=040.82,sun_tilt=049.76,err=00.27,state=locked",Orin LDR shading final
2026-08-10T07:22:56.248572+00:00,1,,0,86,19,89.0,0.089,0.007921,trk,0,OK,Panel response is 126.4% of the learned baseline.,normal,,,55.0,0.0,0.0,idle,27.5,50.0,locked,40.89,50.026,40.713,50.059,0.18,1,,,,,,,,,,,,CRC/QPSK/OFDM,1,0,129,133,1064,532,12,44,960,192,48,"p1br,seq=00086,frame_b=00133,bits=01064,qpsk=00532,ofdm=012,pad_q=00044,gap=0,ok=1","ldrtrk,seq=00086,pan=040.89,tilt=050.03,sun_pan=040.71,sun_tilt=050.06,err=00.18,state=locked",Orin LDR shading final
2026-08-10T07:22:56.743547+00:00,1,,0,87,19,89.0,0.089,0.007921,trk,0,OK,Panel response is 125.7% of the learned baseline.,normal,,,55.0,0.0,0.0,idle,27.5,50.0,locked,40.89,50.026,40.626,50.007,0.265,1,,,,,,,,,,,,CRC/QPSK/OFDM,1,0,129,133,1064,532,12,44,960,192,48,"p1br,seq=00087,frame_b=00133,bits=01064,qpsk=00532,ofdm=012,pad_q=00044,gap=0,ok=1","ldrtrk,seq=00087,pan=040.89,tilt=050.03,sun_pan=040.63,sun_tilt=050.01,err=00.26,state=locked",Orin LDR shading final
2026-08-10T07:22:57.253336+00:00,1,,0,88,19,89.0,0.089,0.007921,trk,0,OK,Panel response is 124.4% of the learned baseline.,normal,,,55.0,0.0,0.0,idle,27.5,50.0,locked,40.89,50.026,40.631,49.675,0.436,1,,,,,,,,,,,,CRC/QPSK/OFDM,1,0,129,133,1064,532,12,44,960,192,48,"p1br,seq=00088,frame_b=00133,bits=01064,qpsk=00532,ofdm=012,pad_q=00044,gap=0,ok=1","ldrtrk,seq=00088,pan=040.89,tilt=050.03,sun_pan=040.63,sun_tilt=049.67,err=00.44,state=locked",Orin LDR shading final
2026-08-10T07:22:57.750606+00:00,1,,0,89,19,89.0,0.089,0.007921,trk,0,OK,Panel response is 124.1% of the learned baseline.,normal,,,55.0,0.0,0.0,idle,27.5,50.0,locked,40.89,50.026,40.48,49.943,0.419,1,,,,,,,,,,,,CRC/QPSK/OFDM,1,0,129,133,1064,532,12,44,960,192,48,"p1br,seq=00089,frame_b=00133,bits=01064,qpsk=00532,ofdm=012,pad_q=00044,gap=0,ok=1","ldrtrk,seq=00089,pan=040.89,tilt=050.03,sun_pan=040.48,sun_tilt=049.94,err=00.42,state=locked",Orin LDR shading final
2026-08-10T07:22:58.261740+00:00,1,,0,90,19,89.0,0.089,0.007921,trk,0,Standby,Shading detection waits for a locked tracker and positive power.,normal,,,55.0,0.0,0.0,idle,27.5,50.0,track-tilt,40.89,50.026,40.616,51.425,1.426,1,,,,,,,,,,,,CRC/QPSK/OFDM,1,0,129,133,1064,532,12,44,960,192,48,"p1br,seq=00090,frame_b=00133,bits=01064,qpsk=00532,ofdm=012,pad_q=00044,gap=0,ok=1","ldrtrk,seq=00090,pan=040.89,tilt=050.03,sun_pan=040.62,sun_tilt=051.42,err=01.43,state=track-tilt",Orin LDR shading final
2026-08-10T07:22:58.775174+00:00,1,,0,91,19,89.0,0.089,0.007921,trk,0,Standby,Shading detection waits for a locked tracker and positive power.,normal,,,55.0,0.0,0.0,idle,27.5,50.0,track-tilt,40.89,52.099,41.121,52.099,0.231,1,,,,,,,,,,,,CRC/QPSK/OFDM,1,0,129,133,1064,532,12,44,960,192,48,"p1br,seq=00091,frame_b=00133,bits=01064,qpsk=00532,ofdm=012,pad_q=00044,gap=0,ok=1","ldrtrk,seq=00091,pan=040.89,tilt=052.10,sun_pan=041.12,sun_tilt=052.10,err=00.23,state=track-tilt",Orin LDR shading final
2026-08-10T07:22:59.268933+00:00,1,,0,92,19,84.0,0.084,0.007056,trk,0,OK,Panel response is 112.8% of the learned baseline.,normal,,,55.0,0.0,0.0,idle,27.5,50.0,locked,40.89,52.099,41.208,52.527,0.533,1,,,,,,,,,,,,CRC/QPSK/OFDM,1,0,129,133,1064,532,12,44,960,192,48,"p1br,seq=00092,frame_b=00133,bits=01064,qpsk=00532,ofdm=012,pad_q=00044,gap=0,ok=1","ldrtrk,seq=00092,pan=040.89,tilt=052.10,sun_pan=041.21,sun_tilt=052.53,err=00.53,state=locked",Orin LDR shading final
2026-08-10T07:22:59.780358+00:00,1,,0,93,19,84.0,0.084,0.007056,trk,0,Standby,Shading detection waits for a locked tracker and positive power.,normal,,,55.0,0.0,0.0,idle,27.5,50.0,track-tilt,40.89,52.099,41.746,53.39,1.549,1,,,,,,,,,,,,CRC/QPSK/OFDM,1,0,129,133,1064,532,12,44,960,192,48,"p1br,seq=00093,frame_b=00133,bits=01064,qpsk=00532,ofdm=012,pad_q=00044,gap=0,ok=1","ldrtrk,seq=00093,pan=040.89,tilt=052.10,sun_pan=041.75,sun_tilt=053.39,err=01.55,state=track-tilt",Orin LDR shading final
2026-08-10T07:23:00.274061+00:00,1,,0,94,19,84.0,0.084,0.007056,trk,0,OK,Panel response is 113.2% of the learned baseline.,normal,,,55.0,0.0,0.0,idle,27.5,50.0,locked,40.89,52.099,41.71,52.98,1.203,1,,,,,,,,,,,,CRC/QPSK/OFDM,1,0,129,133,1064,532,12,44,960,192,48,"p1br,seq=00094,frame_b=00133,bits=01064,qpsk=00532,ofdm=012,pad_q=00044,gap=0,ok=1","ldrtrk,seq=00094,pan=040.89,tilt=052.10,sun_pan=041.71,sun_tilt=052.98,err=01.20,state=locked",Orin LDR shading final
2026-08-10T07:23:00.788976+00:00,1,,0,95,19,84.0,0.084,0.007056,trk,0,Standby,Shading detection waits for a locked tracker and positive power.,normal,,,55.0,0.0,0.0,idle,27.5,50.0,track-tilt,40.89,52.099,41.742,53.38,1.539,1,,,,,,,,,,,,CRC/QPSK/OFDM,1,0,129,133,1064,532,12,44,960,192,48,"p1br,seq=00095,frame_b=00133,bits=01064,qpsk=00532,ofdm=012,pad_q=00044,gap=0,ok=1","ldrtrk,seq=00095,pan=040.89,tilt=052.10,sun_pan=041.74,sun_tilt=053.38,err=01.54,state=track-tilt",Orin LDR shading final
2026-08-10T07:23:01.298762+00:00,1,,0,96,19,84.0,0.084,0.007056,trk,0,OK,Panel response is 112.8% of the learned baseline.,normal,,,55.0,0.0,0.0,idle,27.5,50.0,locked,40.89,52.099,41.157,52.855,0.802,1,,,,,,,,,,,,CRC/QPSK/OFDM,1,0,129,133,1064,532,12,44,960,192,48,"p1br,seq=00096,frame_b=00133,bits=01064,qpsk=00532,ofdm=012,pad_q=00044,gap=0,ok=1","ldrtrk,seq=00096,pan=040.89,tilt=052.10,sun_pan=041.16,sun_tilt=052.85,err=00.80,state=locked",Orin LDR shading final
2026-08-10T07:23:01.795670+00:00,1,,0,97,19,84.0,0.084,0.007056,trk,0,OK,Panel response is 111.8% of the learned baseline.,normal,,,55.0,0.0,0.0,idle,27.5,50.0,locked,40.89,52.099,41.566,52.845,1.007,1,,,,,,,,,,,,CRC/QPSK/OFDM,1,0,129,133,1064,532,12,44,960,192,48,"p1br,seq=00097,frame_b=00133,bits=01064,qpsk=00532,ofdm=012,pad_q=00044,gap=0,ok=1","ldrtrk,seq=00097,pan=040.89,tilt=052.10,sun_pan=041.57,sun_tilt=052.85,err=01.01,state=locked",Orin LDR shading final
2026-08-10T07:23:02.303620+00:00,1,,0,98,19,84.0,0.084,0.007056,trk,0,OK,Panel response is 111.7% of the learned baseline.,normal,,,55.0,0.0,0.0,idle,27.5,50.0,locked,40.89,52.099,41.547,52.648,0.856,1,,,,,,,,,,,,CRC/QPSK/OFDM,1,0,129,133,1064,532,12,44,960,192,48,"p1br,seq=00098,frame_b=00133,bits=01064,qpsk=00532,ofdm=012,pad_q=00044,gap=0,ok=1","ldrtrk,seq=00098,pan=040.89,tilt=052.10,sun_pan=041.55,sun_tilt=052.65,err=00.86,state=locked",Orin LDR shading final
2026-08-10T07:23:02.802415+00:00,1,,0,99,19,84.0,0.084,0.007056,trk,0,OK,Panel response is 110.9% of the learned baseline.,normal,,,55.0,0.0,0.0,idle,27.5,50.0,locked,40.89,52.099,41.701,52.197,0.817,1,,,,,,,,,,,,CRC/QPSK/OFDM,1,0,129,133,1064,532,12,44,960,192,48,"p1br,seq=00099,frame_b=00133,bits=01064,qpsk=00532,ofdm=012,pad_q=00044,gap=0,ok=1","ldrtrk,seq=00099,pan=040.89,tilt=052.10,sun_pan=041.70,sun_tilt=052.20,err=00.82,state=locked",Orin LDR shading final
2026-08-10T07:23:03.313861+00:00,1,,0,100,19,89.0,0.089,0.007921,trk,0,OK,Panel response is 124.7% of the learned baseline.,normal,,,55.0,0.0,0.0,idle,27.5,50.0,locked,40.89,52.099,41.587,52.137,0.698,1,,,,,,,,,,,,CRC/QPSK/OFDM,1,0,129,133,1064,532,12,44,960,192,48,"p1br,seq=00100,frame_b=00133,bits=01064,qpsk=00532,ofdm=012,pad_q=00044,gap=0,ok=1","ldrtrk,seq=00100,pan=040.89,tilt=052.10,sun_pan=041.59,sun_tilt=052.14,err=00.70,state=locked",Orin LDR shading final
2026-08-10T07:23:03.826955+00:00,1,,0,101,19,89.0,0.089,0.007921,trk,0,OK,Panel response is 123.6% of the learned baseline.,normal,,,55.0,0.0,0.0,idle,27.5,50.0,locked,40.89,52.099,41.567,52.021,0.681,1,,,,,,,,,,,,CRC/QPSK/OFDM,1,0,129,133,1064,532,12,44,960,192,48,"p1br,seq=00101,frame_b=00133,bits=01064,qpsk=00532,ofdm=012,pad_q=00044,gap=0,ok=1","ldrtrk,seq=00101,pan=040.89,tilt=052.10,sun_pan=041.57,sun_tilt=052.02,err=00.68,state=locked",Orin LDR shading final
2026-08-10T07:23:04.320503+00:00,1,,0,102,19,89.0,0.089,0.007921,trk,0,OK,Panel response is 123.2% of the learned baseline.,normal,,,55.0,0.0,0.0,idle,27.5,50.0,locked,40.89,52.099,41.564,52.203,0.682,1,,,,,,,,,,,,CRC/QPSK/OFDM,1,0,129,133,1064,532,12,44,960,192,48,"p1br,seq=00102,frame_b=00133,bits=01064,qpsk=00532,ofdm=012,pad_q=00044,gap=0,ok=1","ldrtrk,seq=00102,pan=040.89,tilt=052.10,sun_pan=041.56,sun_tilt=052.20,err=00.68,state=locked",Orin LDR shading final
2026-08-10T07:23:04.830249+00:00,1,,0,103,19,84.0,0.084,0.007056,trk,0,OK,Panel response is 108.6% of the learned baseline.,normal,,,55.0,0.0,0.0,idle,27.5,50.0,locked,40.89,52.099,41.682,52.008,0.797,1,,,,,,,,,,,,CRC/QPSK/OFDM,1,0,129,133,1064,532,12,44,960,192,48,"p1br,seq=00103,frame_b=00133,bits=01064,qpsk=00532,ofdm=012,pad_q=00044,gap=0,ok=1","ldrtrk,seq=00103,pan=040.89,tilt=052.10,sun_pan=041.68,sun_tilt=052.01,err=00.80,state=locked",Orin LDR shading final
2026-08-10T07:23:05.325061+00:00,1,,0,104,19,84.0,0.084,0.007056,trk,0,OK,Panel response is 108.2% of the learned baseline.,normal,,,55.0,0.0,0.0,idle,27.5,50.0,locked,40.89,52.099,41.629,51.897,0.766,1,,,,,,,,,,,,CRC/QPSK/OFDM,1,0,129,133,1064,532,12,44,960,192,48,"p1br,seq=00104,frame_b=00133,bits=01064,qpsk=00532,ofdm=012,pad_q=00044,gap=0,ok=1","ldrtrk,seq=00104,pan=040.89,tilt=052.10,sun_pan=041.63,sun_tilt=051.90,err=00.77,state=locked",Orin LDR shading final
2026-08-10T07:23:05.838872+00:00,1,,0,105,19,93.0,0.093,0.008649,trk,0,OK,Panel response is 132.4% of the learned baseline.,normal,,,55.0,0.0,0.0,idle,27.5,50.0,locked,40.89,52.099,41.533,51.893,0.675,1,,,,,,,,,,,,CRC/QPSK/OFDM,1,0,129,133,1064,532,12,44,960,192,48,"p1br,seq=00105,frame_b=00133,bits=01064,qpsk=00532,ofdm=012,pad_q=00044,gap=0,ok=1","ldrtrk,seq=00105,pan=040.89,tilt=052.10,sun_pan=041.53,sun_tilt=051.89,err=00.67,state=locked",Orin LDR shading final
2026-08-10T07:23:06.337109+00:00,1,,0,106,19,89.0,0.089,0.007921,trk,0,OK,Panel response is 120.7% of the learned baseline.,normal,,,55.0,0.0,0.0,idle,27.5,50.0,locked,40.89,52.099,41.839,51.878,0.975,1,,,,,,,,,,,,CRC/QPSK/OFDM,1,0,129,133,1064,532,12,44,960,192,48,"p1br,seq=00106,frame_b=00133,bits=01064,qpsk=00532,ofdm=012,pad_q=00044,gap=0,ok=1","ldrtrk,seq=00106,pan=040.89,tilt=052.10,sun_pan=041.84,sun_tilt=051.88,err=00.97,state=locked",Orin LDR shading final
2026-08-10T07:23:06.845557+00:00,1,,0,107,19,89.0,0.089,0.007921,trk,0,OK,Panel response is 120.3% of the learned baseline.,normal,,,55.0,0.0,0.0,idle,27.5,50.0,locked,40.89,52.099,41.697,51.889,0.833,1,,,,,,,,,,,,CRC/QPSK/OFDM,1,0,129,133,1064,532,12,44,960,192,48,"p1br,seq=00107,frame_b=00133,bits=01064,qpsk=00532,ofdm=012,pad_q=00044,gap=0,ok=1","ldrtrk,seq=00107,pan=040.89,tilt=052.10,sun_pan=041.70,sun_tilt=051.89,err=00.83,state=locked",Orin LDR shading final
2026-08-10T07:23:07.356964+00:00,1,,0,108,19,89.0,0.089,0.007921,trk,0,OK,Panel response is 119.6% of the learned baseline.,normal,,,55.0,0.0,0.0,idle,27.5,50.0,locked,40.89,52.099,41.688,51.813,0.848,1,,,,,,,,,,,,CRC/QPSK/OFDM,1,0,129,133,1064,532,12,44,960,192,48,"p1br,seq=00108,frame_b=00133,bits=01064,qpsk=00532,ofdm=012,pad_q=00044,gap=0,ok=1","ldrtrk,seq=00108,pan=040.89,tilt=052.10,sun_pan=041.69,sun_tilt=051.81,err=00.85,state=locked",Orin LDR shading final
2026-08-10T07:23:07.854070+00:00,1,,0,109,19,89.0,0.089,0.007921,trk,0,OK,Panel response is 119.4% of the learned baseline.,normal,,,55.0,0.0,0.0,idle,27.5,50.0,locked,40.89,52.099,41.791,51.942,0.915,1,,,,,,,,,,,,CRC/QPSK/OFDM,1,0,129,133,1064,532,12,44,960,192,48,"p1br,seq=00109,frame_b=00133,bits=01064,qpsk=00532,ofdm=012,pad_q=00044,gap=0,ok=1","ldrtrk,seq=00109,pan=040.89,tilt=052.10,sun_pan=041.79,sun_tilt=051.94,err=00.91,state=locked",Orin LDR shading final
2026-08-10T07:23:08.363876+00:00,1,,0,110,19,89.0,0.089,0.007921,trk,0,OK,Panel response is 118.2% of the learned baseline.,normal,,,55.0,0.0,0.0,idle,27.5,50.0,locked,40.89,52.099,41.753,51.912,0.883,1,,,,,,,,,,,,CRC/QPSK/OFDM,1,0,129,133,1064,532,12,44,960,192,48,"p1br,seq=00110,frame_b=00133,bits=01064,qpsk=00532,ofdm=012,pad_q=00044,gap=0,ok=1","ldrtrk,seq=00110,pan=040.89,tilt=052.10,sun_pan=041.75,sun_tilt=051.91,err=00.88,state=locked",Orin LDR shading final
2026-08-10T07:23:08.860462+00:00,1,,0,111,19,84.0,0.084,0.007056,trk,0,OK,Panel response is 105.4% of the learned baseline.,normal,,,55.0,0.0,0.0,idle,27.5,50.0,locked,40.89,52.099,41.74,51.865,0.882,1,,,,,,,,,,,,CRC/QPSK/OFDM,1,0,129,133,1064,532,12,44,960,192,48,"p1br,seq=00111,frame_b=00133,bits=01064,qpsk=00532,ofdm=012,pad_q=00044,gap=0,ok=1","ldrtrk,seq=00111,pan=040.89,tilt=052.10,sun_pan=041.74,sun_tilt=051.86,err=00.88,state=locked",Orin LDR shading final
2026-08-10T07:23:09.372140+00:00,1,,0,112,19,89.0,0.089,0.007921,trk,0,OK,Panel response is 117.1% of the learned baseline.,normal,,,55.0,0.0,0.0,idle,27.5,50.0,locked,40.89,52.099,41.217,51.149,1.005,1,,,,,,,,,,,,CRC/QPSK/OFDM,1,0,129,133,1064,532,12,44,960,192,48,"p1br,seq=00112,frame_b=00133,bits=01064,qpsk=00532,ofdm=012,pad_q=00044,gap=0,ok=1","ldrtrk,seq=00112,pan=040.89,tilt=052.10,sun_pan=041.22,sun_tilt=051.15,err=01.00,state=locked",Orin LDR shading final
2026-08-10T07:23:09.881292+00:00,1,,0,113,19,89.0,0.089,0.007921,trk,0,Standby,Shading detection waits for a locked tracker and positive power.,normal,,,55.0,0.0,0.0,idle,27.5,50.0,track-tilt,40.89,52.099,41.017,50.333,1.771,1,,,,,,,,,,,,CRC/QPSK/OFDM,1,0,129,133,1064,532,12,44,960,192,48,"p1br,seq=00113,frame_b=00133,bits=01064,qpsk=00532,ofdm=012,pad_q=00044,gap=0,ok=1","ldrtrk,seq=00113,pan=040.89,tilt=052.10,sun_pan=041.02,sun_tilt=050.33,err=01.77,state=track-tilt",Orin LDR shading final
2026-08-10T07:23:10.379457+00:00,1,,0,114,19,93.0,0.093,0.008649,trk,0,Standby,Shading detection waits for a locked tracker and positive power.,normal,,,55.0,0.0,0.0,idle,27.5,50.0,track-tilt,40.89,49.271,40.786,49.271,0.104,1,,,,,,,,,,,,CRC/QPSK/OFDM,1,0,129,133,1064,532,12,44,960,192,48,"p1br,seq=00114,frame_b=00133,bits=01064,qpsk=00532,ofdm=012,pad_q=00044,gap=0,ok=1","ldrtrk,seq=00114,pan=040.89,tilt=049.27,sun_pan=040.79,sun_tilt=049.27,err=00.10,state=track-tilt",Orin LDR shading final
2026-08-10T07:23:10.890055+00:00,1,,0,115,19,89.0,0.089,0.007921,trk,0,OK,Panel response is 114.4% of the learned baseline.,normal,,,55.0,0.0,0.0,idle,27.5,50.0,locked,40.89,49.271,40.964,49.264,0.075,1,,,,,,,,,,,,CRC/QPSK/OFDM,1,0,129,133,1064,532,12,44,960,192,48,"p1br,seq=00115,frame_b=00133,bits=01064,qpsk=00532,ofdm=012,pad_q=00044,gap=0,ok=1","ldrtrk,seq=00115,pan=040.89,tilt=049.27,sun_pan=040.96,sun_tilt=049.26,err=00.07,state=locked",Orin LDR shading final
2026-08-10T07:23:11.386327+00:00,1,,0,116,19,89.0,0.089,0.007921,trk,0,OK,Panel response is 114.1% of the learned baseline.,normal,,,55.0,0.0,0.0,idle,27.5,50.0,locked,40.89,49.271,40.8,49.178,0.129,1,,,,,,,,,,,,CRC/QPSK/OFDM,1,0,129,133,1064,532,12,44,960,192,48,"p1br,seq=00116,frame_b=00133,bits=01064,qpsk=00532,ofdm=012,pad_q=00044,gap=0,ok=1","ldrtrk,seq=00116,pan=040.89,tilt=049.27,sun_pan=040.80,sun_tilt=049.18,err=00.13,state=locked",Orin LDR shading final
2026-08-10T07:23:11.900589+00:00,1,,0,117,19,89.0,0.089,0.007921,trk,0,OK,Panel response is 114.0% of the learned baseline.,normal,,,55.0,0.0,0.0,idle,27.5,50.0,locked,40.89,49.271,40.545,49.186,0.355,1,,,,,,,,,,,,CRC/QPSK/OFDM,1,0,129,133,1064,532,12,44,960,192,48,"p1br,seq=00117,frame_b=00133,bits=01064,qpsk=00532,ofdm=012,pad_q=00044,gap=0,ok=1","ldrtrk,seq=00117,pan=040.89,tilt=049.27,sun_pan=040.55,sun_tilt=049.19,err=00.35,state=locked",Orin LDR shading final
2026-08-10T07:23:12.391762+00:00,1,,0,118,19,89.0,0.089,0.007921,trk,0,OK,Panel response is 115.1% of the learned baseline.,normal,,,55.0,0.0,0.0,idle,27.5,50.0,locked,40.89,49.271,40.646,50.11,0.874,1,,,,,,,,,,,,CRC/QPSK/OFDM,1,0,129,133,1064,532,12,44,960,192,48,"p1br,seq=00118,frame_b=00133,bits=01064,qpsk=00532,ofdm=012,pad_q=00044,gap=0,ok=1","ldrtrk,seq=00118,pan=040.89,tilt=049.27,sun_pan=040.65,sun_tilt=050.11,err=00.87,state=locked",Orin LDR shading final
2026-08-10T07:23:12.900716+00:00,1,,0,119,19,89.0,0.089,0.007921,trk,0,Standby,Shading detection waits for a locked tracker and positive power.,normal,,,55.0,0.0,0.0,idle,27.5,50.0,track-tilt,40.89,49.271,41.296,51.208,1.979,1,,,,,,,,,,,,CRC/QPSK/OFDM,1,0,129,133,1064,532,12,44,960,192,48,"p1br,seq=00119,frame_b=00133,bits=01064,qpsk=00532,ofdm=012,pad_q=00044,gap=0,ok=1","ldrtrk,seq=00119,pan=040.89,tilt=049.27,sun_pan=041.30,sun_tilt=051.21,err=01.98,state=track-tilt",Orin LDR shading final
