received_utc,valid,error,seq_gap,seq,d_pct,v_mv,i_ma,p_mw,mppt,fault,chk,computed_chk,bess_soc_pct,bess_power_w,bess_load_w,bess_state,bess_energy_wh,bess_capacity_wh,tracker_state,tracker_pan_deg,tracker_tilt_deg,tracker_sun_pan_deg,tracker_sun_tilt_deg,tracker_error_deg,tracker_servo_enabled,comm_layer,comm_frame_ok,comm_bridge_gap,comm_payload_bytes,comm_frame_bytes,comm_frame_bits,comm_qpsk_symbols,comm_ofdm_symbols,comm_pad_q,comm_tx_samples,comm_cp_samples,comm_pilot_bins,comm_status_line,raw_line,source_label
2026-08-06T07:52:44.516853+00:00,1,,0,0,50,0.0,-0.075,-0.0,trk,0,,,55.0,-0.1,0.1,discharging,27.5,50.0,seeking,90.005,92.225,90.03,102.354,10.129,1,CRC/QPSK/OFDM,1,0,129,133,1064,532,12,44,960,192,48,"p1br,seq=00000,frame_b=00133,bits=01064,qpsk=00532,ofdm=012,pad_q=00044,gap=0,ok=1","trk,seq=00000,pan=090.00,tilt=092.23,sun_pan=090.03,sun_tilt=102.35,err=10.13,state=seeking,ldr=4073/4074/3586/3587",Orin software solar tracker
2026-08-06T07:52:44.764989+00:00,1,,0,1,50,2.5,-0.075,-0.0,trk,0,,,55.0,-0.1,0.1,discharging,27.5,50.0,locked,90.141,94.089,90.982,102.583,8.536,1,CRC/QPSK/OFDM,1,0,129,133,1064,532,12,44,960,192,48,"p1br,seq=00001,frame_b=00133,bits=01064,qpsk=00532,ofdm=012,pad_q=00044,gap=0,ok=1","trk,seq=00001,pan=090.14,tilt=094.09,sun_pan=090.98,sun_tilt=102.58,err=08.54,state=locked,ldr=4040/4070/3630/3660",Orin software solar tracker
2026-08-06T07:52:45.015265+00:00,1,,0,2,51,0.0,-0.075,-0.0,trk,0,,,55.0,-0.1,0.1,discharging,27.5,50.0,locked,90.392,95.658,91.934,102.807,7.313,1,CRC/QPSK/OFDM,1,0,129,133,1064,532,12,44,960,192,48,"p1br,seq=00002,frame_b=00133,bits=01064,qpsk=00532,ofdm=012,pad_q=00044,gap=0,ok=1","trk,seq=00002,pan=090.39,tilt=095.66,sun_pan=091.93,sun_tilt=102.81,err=07.31,state=locked,ldr=4009/4064/3662/3718",Orin software solar tracker
2026-08-06T07:52:45.269412+00:00,1,,0,3,52,0.0,-0.075,-0.0,trk,0,,,55.0,-0.1,0.1,discharging,27.5,50.0,locked,90.743,96.985,92.887,103.028,6.413,1,CRC/QPSK/OFDM,1,0,129,133,1064,532,12,44,960,192,48,"p1br,seq=00003,frame_b=00133,bits=01064,qpsk=00532,ofdm=012,pad_q=00044,gap=0,ok=1","trk,seq=00003,pan=090.74,tilt=096.99,sun_pan=092.89,sun_tilt=103.03,err=06.41,state=locked,ldr=3980/4057/3686/3764",Orin software solar tracker
2026-08-06T07:52:45.611215+00:00,1,,0,4,53,1.25,-0.075,-0.0,trk,0,,,55.0,-0.1,0.1,discharging,27.5,50.0,locked,91.176,98.113,93.836,103.245,5.78,1,CRC/QPSK/OFDM,1,0,129,133,1064,532,12,44,960,192,48,"p1br,seq=00004,frame_b=00133,bits=01064,qpsk=00532,ofdm=012,pad_q=00044,gap=0,ok=1","trk,seq=00004,pan=091.18,tilt=098.11,sun_pan=093.84,sun_tilt=103.24,err=05.78,state=locked,ldr=3954/4050/3704/3800",Orin software solar tracker
2026-08-06T07:52:45.816261+00:00,1,,0,5,54,0.0,-0.075,-0.0,trk,0,,,55.0,-0.1,0.1,discharging,27.5,50.0,locked,91.681,99.074,94.783,103.457,5.37,1,CRC/QPSK/OFDM,1,0,129,133,1064,532,12,44,960,192,48,"p1br,seq=00005,frame_b=00133,bits=01064,qpsk=00532,ofdm=012,pad_q=00044,gap=0,ok=1","trk,seq=00005,pan=091.68,tilt=099.07,sun_pan=094.78,sun_tilt=103.46,err=05.37,state=locked,ldr=3931/4043/3718/3830",Orin software solar tracker
2026-08-06T07:52:46.026980+00:00,1,,0,6,56,1.25,-0.1,-0.0,trk,0,,,55.0,-0.1,0.1,discharging,27.5,50.0,locked,92.249,99.899,95.729,103.665,5.128,1,CRC/QPSK/OFDM,1,0,129,133,1064,532,12,44,960,192,48,"p1br,seq=00006,frame_b=00133,bits=01064,qpsk=00532,ofdm=012,pad_q=00044,gap=0,ok=1","trk,seq=00006,pan=092.25,tilt=099.90,sun_pan=095.73,sun_tilt=103.67,err=05.13,state=locked,ldr=3911/4037/3728/3854",Orin software solar tracker
2026-08-06T07:52:46.278819+00:00,1,,0,7,57,2.5,-0.075,-0.0,trk,0,,,55.0,-0.1,0.1,discharging,27.4999,50.0,locked,92.869,100.0,96.671,103.869,5.425,1,CRC/QPSK/OFDM,1,0,129,133,1064,532,12,44,960,192,48,"p1br,seq=00007,frame_b=00133,bits=01064,qpsk=00532,ofdm=012,pad_q=00044,gap=0,ok=1","trk,seq=00007,pan=092.87,tilt=100.00,sun_pan=096.67,sun_tilt=103.87,err=05.42,state=locked,ldr=3894/4031/3735/3873",Orin software solar tracker
2026-08-06T07:52:46.638863+00:00,1,,0,8,59,1.25,-0.1,-0.0,trk,0,,,55.0,-0.1,0.1,discharging,27.4999,50.0,locked,93.534,100.0,97.61,104.068,5.759,1,CRC/QPSK/OFDM,1,0,129,133,1064,532,12,44,960,192,48,"p1br,seq=00008,frame_b=00133,bits=01064,qpsk=00532,ofdm=012,pad_q=00044,gap=0,ok=1","trk,seq=00008,pan=093.53,tilt=100.00,sun_pan=097.61,sun_tilt=104.07,err=05.76,state=locked,ldr=3889/4037/3727/3874",Orin software solar tracker
2026-08-06T07:52:46.783330+00:00,1,,0,9,61,0.0,-0.075,-0.0,trk,0,,,55.0,-0.1,0.1,discharging,27.4999,50.0,locked,94.235,100.0,98.544,104.263,6.061,1,CRC/QPSK/OFDM,1,0,129,133,1064,532,12,44,960,192,48,"p1br,seq=00009,frame_b=00133,bits=01064,qpsk=00532,ofdm=012,pad_q=00044,gap=0,ok=1","trk,seq=00009,pan=094.23,tilt=100.00,sun_pan=098.54,sun_tilt=104.26,err=06.06,state=locked,ldr=3887/4043/3717/3872",Orin software solar tracker
2026-08-06T07:52:47.036649+00:00,1,,0,10,62,1.25,-0.075,-0.0,trk,0,,,55.0,-0.1,0.1,discharging,27.4999,50.0,locked,94.968,100.0,99.474,104.453,6.335,1,CRC/QPSK/OFDM,1,0,129,133,1064,532,12,44,960,192,48,"p1br,seq=00010,frame_b=00133,bits=01064,qpsk=00532,ofdm=012,pad_q=00044,gap=0,ok=1","trk,seq=00010,pan=094.97,tilt=100.00,sun_pan=099.47,sun_tilt=104.45,err=06.34,state=locked,ldr=3885/4048/3708/3870",Orin software solar tracker
2026-08-06T07:52:47.290937+00:00,1,,0,11,64,0.0,-0.075,-0.0,trk,0,,,55.0,-0.1,0.1,discharging,27.4999,50.0,locked,95.727,100.0,100.399,104.639,6.584,1,CRC/QPSK/OFDM,1,0,129,133,1064,532,12,44,960,192,48,"p1br,seq=00011,frame_b=00133,bits=01064,qpsk=00532,ofdm=012,pad_q=00044,gap=0,ok=1","trk,seq=00011,pan=095.73,tilt=100.00,sun_pan=100.40,sun_tilt=104.64,err=06.58,state=locked,ldr=3885/4053/3700/3868",Orin software solar tracker
2026-08-06T07:52:47.541078+00:00,1,,0,12,66,1.25,-0.1,-0.0,trk,0,,,55.0,-0.1,0.1,discharging,27.4999,50.0,locked,96.508,100.0,101.318,104.821,6.81,1,CRC/QPSK/OFDM,1,0,129,133,1064,532,12,44,960,192,48,"p1br,seq=00012,frame_b=00133,bits=01064,qpsk=00532,ofdm=012,pad_q=00044,gap=0,ok=1","trk,seq=00012,pan=096.51,tilt=100.00,sun_pan=101.32,sun_tilt=104.82,err=06.81,state=locked,ldr=3884/4057/3692/3865",Orin software solar tracker
2026-08-06T07:52:47.797572+00:00,1,,0,13,68,1.25,-0.1,-0.0,trk,0,,,55.0,-0.1,0.1,discharging,27.4999,50.0,locked,97.308,100.0,102.232,104.997,7.016,1,CRC/QPSK/OFDM,1,0,129,133,1064,532,12,44,960,192,48,"p1br,seq=00013,frame_b=00133,bits=01064,qpsk=00532,ofdm=012,pad_q=00044,gap=0,ok=1","trk,seq=00013,pan=097.31,tilt=100.00,sun_pan=102.23,sun_tilt=105.00,err=07.02,state=locked,ldr=3884/4061/3685/3862",Orin software solar tracker
2026-08-06T07:52:48.047401+00:00,1,,0,14,70,0.0,-0.1,-0.0,trk,0,,,55.0,-0.1,0.1,discharging,27.4999,50.0,locked,98.126,100.0,103.14,105.17,7.202,1,CRC/QPSK/OFDM,1,0,129,133,1064,532,12,44,960,192,48,"p1br,seq=00014,frame_b=00133,bits=01064,qpsk=00532,ofdm=012,pad_q=00044,gap=0,ok=1","trk,seq=00014,pan=098.13,tilt=100.00,sun_pan=103.14,sun_tilt=105.17,err=07.20,state=locked,ldr=3884/4065/3678/3859",Orin software solar tracker
2026-08-06T07:52:48.299877+00:00,1,,0,15,72,2.5,-0.075,-0.0,trk,0,,,55.0,-0.1,0.1,discharging,27.4999,50.0,locked,98.953,100.0,104.041,105.337,7.373,1,CRC/QPSK/OFDM,1,0,129,133,1064,532,12,44,960,192,48,"p1br,seq=00015,frame_b=00133,bits=01064,qpsk=00532,ofdm=012,pad_q=00044,gap=0,ok=1","trk,seq=00015,pan=098.95,tilt=100.00,sun_pan=104.04,sun_tilt=105.34,err=07.37,state=locked,ldr=3885/4068/3673/3856",Orin software solar tracker
2026-08-06T07:52:48.553276+00:00,1,,0,16,74,1.25,-0.075,-0.0,trk,0,,,55.0,-0.1,0.1,discharging,27.4999,50.0,locked,99.792,100.0,104.935,105.5,7.53,1,CRC/QPSK/OFDM,1,0,129,133,1064,532,12,44,960,192,48,"p1br,seq=00016,frame_b=00133,bits=01064,qpsk=00532,ofdm=012,pad_q=00044,gap=0,ok=1","trk,seq=00016,pan=099.79,tilt=100.00,sun_pan=104.94,sun_tilt=105.50,err=07.53,state=locked,ldr=3886/4071/3667/3853",Orin software solar tracker
2026-08-06T07:52:48.805429+00:00,1,,0,17,77,0.0,-0.075,-0.0,trk,0,,,55.0,-0.1,0.1,discharging,27.4999,50.0,locked,100.636,100.0,105.823,105.658,7.676,1,CRC/QPSK/OFDM,1,0,129,133,1064,532,12,44,960,192,48,"p1br,seq=00017,frame_b=00133,bits=01064,qpsk=00532,ofdm=012,pad_q=00044,gap=0,ok=1","trk,seq=00017,pan=100.64,tilt=100.00,sun_pan=105.82,sun_tilt=105.66,err=07.68,state=locked,ldr=3888/4074/3662/3849",Orin software solar tracker
2026-08-06T07:52:49.057346+00:00,1,,0,18,79,3.75,-0.075,-0.0,trk,0,,,55.0,-0.1,0.1,discharging,27.4999,50.0,locked,101.487,100.0,106.701,105.811,7.807,1,CRC/QPSK/OFDM,1,0,129,133,1064,532,12,44,960,192,48,"p1br,seq=00018,frame_b=00133,bits=01064,qpsk=00532,ofdm=012,pad_q=00044,gap=0,ok=1","trk,seq=00018,pan=101.49,tilt=100.00,sun_pan=106.70,sun_tilt=105.81,err=07.81,state=locked,ldr=3889/4077/3658/3846",Orin software solar tracker
2026-08-06T07:52:49.310111+00:00,1,,0,19,81,1.25,-0.05,-0.0,trk,0,,,55.0,-0.1,0.1,discharging,27.4999,50.0,locked,102.338,100.0,107.57,105.959,7.93,1,CRC/QPSK/OFDM,1,0,129,133,1064,532,12,44,960,192,48,"p1br,seq=00019,frame_b=00133,bits=01064,qpsk=00532,ofdm=012,pad_q=00044,gap=0,ok=1","trk,seq=00019,pan=102.34,tilt=100.00,sun_pan=107.57,sun_tilt=105.96,err=07.93,state=locked,ldr=3891/4079/3654/3842",Orin software solar tracker
2026-08-06T07:52:49.563641+00:00,1,,0,20,83,1.25,-0.075,-0.0,trk,0,,,55.0,-0.1,0.1,discharging,27.4999,50.0,locked,103.189,100.0,108.43,106.102,8.044,1,CRC/QPSK/OFDM,1,0,129,133,1064,532,12,44,960,192,48,"p1br,seq=00020,frame_b=00133,bits=01064,qpsk=00532,ofdm=012,pad_q=00044,gap=0,ok=1","trk,seq=00020,pan=103.19,tilt=100.00,sun_pan=108.43,sun_tilt=106.10,err=08.04,state=locked,ldr=3893/4081/3650/3838",Orin software solar tracker
2026-08-06T07:52:49.816453+00:00,1,,0,21,85,1.25,-0.075,-0.0,trk,0,,,55.0,-0.1,0.1,discharging,27.4998,50.0,locked,104.04,100.0,109.282,106.241,8.15,1,CRC/QPSK/OFDM,1,0,129,133,1064,532,12,44,960,192,48,"p1br,seq=00021,frame_b=00133,bits=01064,qpsk=00532,ofdm=012,pad_q=00044,gap=0,ok=1","trk,seq=00021,pan=104.04,tilt=100.00,sun_pan=109.28,sun_tilt=106.24,err=08.15,state=locked,ldr=3895/4083/3647/3835",Orin software solar tracker
2026-08-06T07:52:50.071016+00:00,1,,0,22,87,1.25,-0.075,-0.0,trk,0,,,55.0,-0.1,0.1,discharging,27.4998,50.0,locked,104.892,100.0,110.123,106.374,8.246,1,CRC/QPSK/OFDM,1,0,129,133,1064,532,12,44,960,192,48,"p1br,seq=00022,frame_b=00133,bits=01064,qpsk=00532,ofdm=012,pad_q=00044,gap=0,ok=1","trk,seq=00022,pan=104.89,tilt=100.00,sun_pan=110.12,sun_tilt=106.37,err=08.25,state=locked,ldr=3897/4085/3643/3831",Orin software solar tracker
2026-08-06T07:52:50.321336+00:00,1,,0,23,89,1.25,-0.1,-0.0,trk,0,,,55.0,-0.1,0.1,discharging,27.4998,50.0,locked,105.739,100.0,110.954,106.502,8.335,1,CRC/QPSK/OFDM,1,0,129,133,1064,532,12,44,960,192,48,"p1br,seq=00023,frame_b=00133,bits=01064,qpsk=00532,ofdm=012,pad_q=00044,gap=0,ok=1","trk,seq=00023,pan=105.74,tilt=100.00,sun_pan=110.95,sun_tilt=106.50,err=08.33,state=locked,ldr=3899/4086/3641/3828",Orin software solar tracker
2026-08-06T07:52:50.574061+00:00,1,,0,24,91,0.0,-0.075,-0.0,trk,0,,,55.0,-0.1,0.1,discharging,27.4998,50.0,locked,106.586,100.0,111.773,106.625,8.414,1,CRC/QPSK/OFDM,1,0,129,133,1064,532,12,44,960,192,48,"p1br,seq=00024,frame_b=00133,bits=01064,qpsk=00532,ofdm=012,pad_q=00044,gap=0,ok=1","trk,seq=00024,pan=106.59,tilt=100.00,sun_pan=111.77,sun_tilt=106.63,err=08.41,state=locked,ldr=3901/4088/3638/3825",Orin software solar tracker
2026-08-06T07:52:50.826211+00:00,1,,0,25,94,0.0,-0.075,-0.0,trk,0,,,55.0,-0.1,0.1,discharging,27.4998,50.0,locked,107.424,100.0,112.582,106.743,8.49,1,CRC/QPSK/OFDM,1,0,129,133,1064,532,12,44,960,192,48,"p1br,seq=00025,frame_b=00133,bits=01064,qpsk=00532,ofdm=012,pad_q=00044,gap=0,ok=1","trk,seq=00025,pan=107.42,tilt=100.00,sun_pan=112.58,sun_tilt=106.74,err=08.49,state=locked,ldr=3904/4089/3636/3821",Orin software solar tracker
2026-08-06T07:52:51.078853+00:00,1,,0,26,96,2.5,-0.1,-0.0,trk,0,,,55.0,-0.1,0.1,discharging,27.4998,50.0,locked,108.258,100.0,113.379,106.856,8.558,1,CRC/QPSK/OFDM,1,0,129,133,1064,532,12,44,960,192,48,"p1br,seq=00026,frame_b=00133,bits=01064,qpsk=00532,ofdm=012,pad_q=00044,gap=0,ok=1","trk,seq=00026,pan=108.26,tilt=100.00,sun_pan=113.38,sun_tilt=106.86,err=08.56,state=locked,ldr=3906/4090/3634/3818",Orin software solar tracker
2026-08-06T07:52:51.331392+00:00,1,,0,27,98,1.25,-0.075,-0.0,trk,0,,,55.0,-0.1,0.1,discharging,27.4998,50.0,locked,109.083,100.0,114.164,106.964,8.621,1,CRC/QPSK/OFDM,1,0,129,133,1064,532,12,44,960,192,48,"p1br,seq=00027,frame_b=00133,bits=01064,qpsk=00532,ofdm=012,pad_q=00044,gap=0,ok=1","trk,seq=00027,pan=109.08,tilt=100.00,sun_pan=114.16,sun_tilt=106.96,err=08.62,state=locked,ldr=3909/4091/3632/3814",Orin software solar tracker
2026-08-06T07:52:51.584396+00:00,1,,0,28,100,0.0,-0.075,-0.0,trk,0,,,55.0,-0.1,0.1,discharging,27.4998,50.0,locked,109.903,100.0,114.936,107.066,8.676,1,CRC/QPSK/OFDM,1,0,129,133,1064,532,12,44,960,192,48,"p1br,seq=00028,frame_b=00133,bits=01064,qpsk=00532,ofdm=012,pad_q=00044,gap=0,ok=1","trk,seq=00028,pan=109.90,tilt=100.00,sun_pan=114.94,sun_tilt=107.07,err=08.68,state=locked,ldr=3911/4092/3630/3811",Orin software solar tracker
2026-08-06T07:52:51.837053+00:00,1,,0,29,100,2.5,-0.1,-0.0,trk,0,,,55.0,-0.1,0.1,discharging,27.4998,50.0,locked,110.0,100.0,115.696,107.164,9.152,1,CRC/QPSK/OFDM,1,0,129,133,1064,532,12,44,960,192,48,"p1br,seq=00029,frame_b=00133,bits=01064,qpsk=00532,ofdm=012,pad_q=00044,gap=0,ok=1","trk,seq=00029,pan=110.00,tilt=100.00,sun_pan=115.70,sun_tilt=107.16,err=09.15,state=locked,ldr=3914/4093/3629/3808",Orin software solar tracker
2026-08-06T07:52:52.090931+00:00,1,,0,30,100,0.0,-0.1,-0.0,trk,0,,,55.0,-0.1,0.1,discharging,27.4998,50.0,locked,110.0,100.0,116.442,107.256,9.703,1,CRC/QPSK/OFDM,1,0,129,133,1064,532,12,44,960,192,48,"p1br,seq=00030,frame_b=00133,bits=01064,qpsk=00532,ofdm=012,pad_q=00044,gap=0,ok=1","trk,seq=00030,pan=110.00,tilt=100.00,sun_pan=116.44,sun_tilt=107.26,err=09.70,state=locked,ldr=3901/4095/3613/3812",Orin software solar tracker
2026-08-06T07:52:52.342057+00:00,1,,0,31,100,0.0,-0.1,-0.0,trk,0,,,55.0,-0.1,0.1,discharging,27.4998,50.0,seeking,110.0,100.0,117.175,107.343,10.266,1,CRC/QPSK/OFDM,1,0,129,133,1064,532,12,44,960,192,48,"p1br,seq=00031,frame_b=00133,bits=01064,qpsk=00532,ofdm=012,pad_q=00044,gap=0,ok=1","trk,seq=00031,pan=110.00,tilt=100.00,sun_pan=117.18,sun_tilt=107.34,err=10.27,state=seeking,ldr=3886/4095/3595/3817",Orin software solar tracker
2026-08-06T07:52:52.593800+00:00,1,,0,32,100,1.25,-0.075,-0.0,trk,0,,,55.0,-0.1,0.1,discharging,27.4998,50.0,seeking,110.0,100.0,117.894,107.424,10.837,1,CRC/QPSK/OFDM,1,0,129,133,1064,532,12,44,960,192,48,"p1br,seq=00032,frame_b=00133,bits=01064,qpsk=00532,ofdm=012,pad_q=00044,gap=0,ok=1","trk,seq=00032,pan=110.00,tilt=100.00,sun_pan=117.89,sun_tilt=107.42,err=10.84,state=seeking,ldr=3871/4095/3578/3821",Orin software solar tracker
2026-08-06T07:52:52.846734+00:00,1,,0,33,100,0.0,-0.1,-0.0,trk,0,,,55.0,-0.1,0.1,discharging,27.4998,50.0,seeking,110.0,100.0,118.599,107.5,11.41,1,CRC/QPSK/OFDM,1,0,129,133,1064,532,12,44,960,192,48,"p1br,seq=00033,frame_b=00133,bits=01064,qpsk=00532,ofdm=012,pad_q=00044,gap=0,ok=1","trk,seq=00033,pan=110.00,tilt=100.00,sun_pan=118.60,sun_tilt=107.50,err=11.41,state=seeking,ldr=3856/4095/3560/3824",Orin software solar tracker
2026-08-06T07:52:53.100218+00:00,1,,0,34,100,0.0,-0.075,-0.0,trk,0,,,54.999,-0.1,0.1,discharging,27.4997,50.0,seeking,110.0,100.0,119.288,107.571,11.983,1,CRC/QPSK/OFDM,1,0,129,133,1064,532,12,44,960,192,48,"p1br,seq=00034,frame_b=00133,bits=01064,qpsk=00532,ofdm=012,pad_q=00044,gap=0,ok=1","trk,seq=00034,pan=110.00,tilt=100.00,sun_pan=119.29,sun_tilt=107.57,err=11.98,state=seeking,ldr=3841/4095/3542/3827",Orin software solar tracker
2026-08-06T07:52:53.354184+00:00,1,,0,35,100,1.25,-0.075,-0.0,trk,0,,,54.999,-0.1,0.1,discharging,27.4997,50.0,seeking,110.0,100.0,119.963,107.637,12.553,1,CRC/QPSK/OFDM,1,0,129,133,1064,532,12,44,960,192,48,"p1br,seq=00035,frame_b=00133,bits=01064,qpsk=00532,ofdm=012,pad_q=00044,gap=0,ok=1","trk,seq=00035,pan=110.00,tilt=100.00,sun_pan=119.96,sun_tilt=107.64,err=12.55,state=seeking,ldr=3826/4095/3525/3830",Orin software solar tracker
2026-08-06T07:52:53.605993+00:00,1,,0,36,100,0.0,-0.1,-0.0,trk,0,,,54.999,-0.1,0.1,discharging,27.4997,50.0,seeking,110.0,100.0,120.623,107.697,13.119,1,CRC/QPSK/OFDM,1,0,129,133,1064,532,12,44,960,192,48,"p1br,seq=00036,frame_b=00133,bits=01064,qpsk=00532,ofdm=012,pad_q=00044,gap=0,ok=1","trk,seq=00036,pan=110.00,tilt=100.00,sun_pan=120.62,sun_tilt=107.70,err=13.12,state=seeking,ldr=3810/4095/3508/3832",Orin software solar tracker
2026-08-06T07:52:53.857900+00:00,1,,0,37,100,1.25,-0.075,-0.0,trk,0,,,54.999,-0.1,0.1,discharging,27.4997,50.0,seeking,110.0,100.0,121.267,107.752,13.676,1,CRC/QPSK/OFDM,1,0,129,133,1064,532,12,44,960,192,48,"p1br,seq=00037,frame_b=00133,bits=01064,qpsk=00532,ofdm=012,pad_q=00044,gap=0,ok=1","trk,seq=00037,pan=110.00,tilt=100.00,sun_pan=121.27,sun_tilt=107.75,err=13.68,state=seeking,ldr=3795/4095/3490/3834",Orin software solar tracker
2026-08-06T07:52:54.111099+00:00,1,,0,38,100,1.25,-0.075,-0.0,trk,0,,,54.999,-0.1,0.1,discharging,27.4997,50.0,seeking,110.0,100.0,121.895,107.801,14.225,1,CRC/QPSK/OFDM,1,0,129,133,1064,532,12,44,960,192,48,"p1br,seq=00038,frame_b=00133,bits=01064,qpsk=00532,ofdm=012,pad_q=00044,gap=0,ok=1","trk,seq=00038,pan=110.00,tilt=100.00,sun_pan=121.89,sun_tilt=107.80,err=14.22,state=seeking,ldr=3779/4095/3474/3836",Orin software solar tracker
2026-08-06T07:52:54.362615+00:00,1,,0,39,100,0.0,-0.075,-0.0,trk,0,,,54.999,-0.1,0.1,discharging,27.4997,50.0,seeking,110.0,100.0,122.506,107.845,14.763,1,CRC/QPSK/OFDM,1,0,129,133,1064,532,12,44,960,192,48,"p1br,seq=00039,frame_b=00133,bits=01064,qpsk=00532,ofdm=012,pad_q=00044,gap=0,ok=1","trk,seq=00039,pan=110.00,tilt=100.00,sun_pan=122.51,sun_tilt=107.84,err=14.76,state=seeking,ldr=3764/4095/3457/3837",Orin software solar tracker
2026-08-06T07:52:54.615175+00:00,1,,0,40,100,3.75,-0.075,-0.0,trk,0,,,54.999,-0.1,0.1,discharging,27.4997,50.0,seeking,110.0,100.0,123.101,107.883,15.289,1,CRC/QPSK/OFDM,1,0,129,133,1064,532,12,44,960,192,48,"p1br,seq=00040,frame_b=00133,bits=01064,qpsk=00532,ofdm=012,pad_q=00044,gap=0,ok=1","trk,seq=00040,pan=110.00,tilt=100.00,sun_pan=123.10,sun_tilt=107.88,err=15.29,state=seeking,ldr=3748/4095/3441/3838",Orin software solar tracker
2026-08-06T07:52:54.868890+00:00,1,,0,41,100,0.0,-0.075,-0.0,trk,0,,,54.999,-0.1,0.1,discharging,27.4997,50.0,seeking,110.0,100.0,123.679,107.916,15.805,1,CRC/QPSK/OFDM,1,0,129,133,1064,532,12,44,960,192,48,"p1br,seq=00041,frame_b=00133,bits=01064,qpsk=00532,ofdm=012,pad_q=00044,gap=0,ok=1","trk,seq=00041,pan=110.00,tilt=100.00,sun_pan=123.68,sun_tilt=107.92,err=15.80,state=seeking,ldr=3733/4095/3425/3839",Orin software solar tracker
2026-08-06T07:52:55.121213+00:00,1,,0,42,100,0.0,-0.075,-0.0,trk,0,,,54.999,-0.1,0.1,discharging,27.4997,50.0,seeking,110.0,100.0,124.24,107.944,16.306,1,CRC/QPSK/OFDM,1,0,129,133,1064,532,12,44,960,192,48,"p1br,seq=00042,frame_b=00133,bits=01064,qpsk=00532,ofdm=012,pad_q=00044,gap=0,ok=1","trk,seq=00042,pan=110.00,tilt=100.00,sun_pan=124.24,sun_tilt=107.94,err=16.31,state=seeking,ldr=3718/4095/3409/3840",Orin software solar tracker
2026-08-06T07:52:55.373657+00:00,1,,0,43,100,2.5,-0.1,-0.0,trk,0,,,54.999,-0.1,0.1,discharging,27.4997,50.0,seeking,110.0,100.0,124.784,107.966,16.793,1,CRC/QPSK/OFDM,1,0,129,133,1064,532,12,44,960,192,48,"p1br,seq=00043,frame_b=00133,bits=01064,qpsk=00532,ofdm=012,pad_q=00044,gap=0,ok=1","trk,seq=00043,pan=110.00,tilt=100.00,sun_pan=124.78,sun_tilt=107.97,err=16.79,state=seeking,ldr=3703/4095/3394/3840",Orin software solar tracker
2026-08-06T07:52:55.623709+00:00,1,,0,44,100,0.0,-0.075,-0.0,trk,0,,,54.999,-0.1,0.1,discharging,27.4997,50.0,seeking,110.0,100.0,125.308,107.982,17.264,1,CRC/QPSK/OFDM,1,0,129,133,1064,532,12,44,960,192,48,"p1br,seq=00044,frame_b=00133,bits=01064,qpsk=00532,ofdm=012,pad_q=00044,gap=0,ok=1","trk,seq=00044,pan=110.00,tilt=100.00,sun_pan=125.31,sun_tilt=107.98,err=17.26,state=seeking,ldr=3688/4095/3379/3840",Orin software solar tracker
2026-08-06T07:52:55.879926+00:00,1,,0,45,100,0.0,-0.1,-0.0,trk,0,,,54.999,-0.1,0.1,discharging,27.4997,50.0,seeking,110.0,100.0,125.815,107.994,17.72,1,CRC/QPSK/OFDM,1,0,129,133,1064,532,12,44,960,192,48,"p1br,seq=00045,frame_b=00133,bits=01064,qpsk=00532,ofdm=012,pad_q=00044,gap=0,ok=1","trk,seq=00045,pan=110.00,tilt=100.00,sun_pan=125.81,sun_tilt=107.99,err=17.72,state=seeking,ldr=3674/4095/3365/3840",Orin software solar tracker
2026-08-06T07:52:56.131340+00:00,1,,0,46,100,3.75,-0.075,-0.0,trk,0,,,54.999,-0.1,0.1,discharging,27.4997,50.0,seeking,110.0,100.0,126.303,107.999,18.16,1,CRC/QPSK/OFDM,1,0,129,133,1064,532,12,44,960,192,48,"p1br,seq=00046,frame_b=00133,bits=01064,qpsk=00532,ofdm=012,pad_q=00044,gap=0,ok=1","trk,seq=00046,pan=110.00,tilt=100.00,sun_pan=126.30,sun_tilt=108.00,err=18.16,state=seeking,ldr=3660/4095/3351/3840",Orin software solar tracker
2026-08-06T07:52:56.384416+00:00,1,,0,47,100,0.0,-0.05,-0.0,trk,0,,,54.999,-0.1,0.1,discharging,27.4997,50.0,seeking,110.0,100.0,126.772,107.999,18.582,1,CRC/QPSK/OFDM,1,0,129,133,1064,532,12,44,960,192,48,"p1br,seq=00047,frame_b=00133,bits=01064,qpsk=00532,ofdm=012,pad_q=00044,gap=0,ok=1","trk,seq=00047,pan=110.00,tilt=100.00,sun_pan=126.77,sun_tilt=108.00,err=18.58,state=seeking,ldr=3646/4095/3338/3840",Orin software solar tracker
2026-08-06T07:52:56.637052+00:00,1,,0,48,100,0.0,-0.1,-0.0,trk,0,,,54.999,-0.1,0.1,discharging,27.4996,50.0,seeking,110.0,100.0,127.223,107.994,18.988,1,CRC/QPSK/OFDM,1,0,129,133,1064,532,12,44,960,192,48,"p1br,seq=00048,frame_b=00133,bits=01064,qpsk=00532,ofdm=012,pad_q=00044,gap=0,ok=1","trk,seq=00048,pan=110.00,tilt=100.00,sun_pan=127.22,sun_tilt=107.99,err=18.99,state=seeking,ldr=3632/4095/3325/3840",Orin software solar tracker
2026-08-06T07:52:56.890583+00:00,1,,0,49,100,5.0,-0.1,-0.001,trk,0,,,54.999,-0.1,0.1,discharging,27.4996,50.0,seeking,110.0,100.0,127.655,107.983,19.376,1,CRC/QPSK/OFDM,1,0,129,133,1064,532,12,44,960,192,48,"p1br,seq=00049,frame_b=00133,bits=01064,qpsk=00532,ofdm=012,pad_q=00044,gap=0,ok=1","trk,seq=00049,pan=110.00,tilt=100.00,sun_pan=127.66,sun_tilt=107.98,err=19.38,state=seeking,ldr=3619/4095/3313/3840",Orin software solar tracker
2026-08-06T07:52:57.142820+00:00,1,,0,50,100,0.0,-0.1,-0.0,trk,0,,,54.999,-0.1,0.1,discharging,27.4996,50.0,seeking,110.0,100.0,128.067,107.967,19.746,1,CRC/QPSK/OFDM,1,0,129,133,1064,532,12,44,960,192,48,"p1br,seq=00050,frame_b=00133,bits=01064,qpsk=00532,ofdm=012,pad_q=00044,gap=0,ok=1","trk,seq=00050,pan=110.00,tilt=100.00,sun_pan=128.07,sun_tilt=107.97,err=19.75,state=seeking,ldr=3607/4095/3301/3840",Orin software solar tracker
2026-08-06T07:52:57.395086+00:00,1,,0,51,100,0.0,-0.1,-0.0,trk,0,,,54.999,-0.1,0.1,discharging,27.4996,50.0,seeking,110.0,100.0,128.46,107.945,20.097,1,CRC/QPSK/OFDM,1,0,129,133,1064,532,12,44,960,192,48,"p1br,seq=00051,frame_b=00133,bits=01064,qpsk=00532,ofdm=012,pad_q=00044,gap=0,ok=1","trk,seq=00051,pan=110.00,tilt=100.00,sun_pan=128.46,sun_tilt=107.95,err=20.10,state=seeking,ldr=3594/4095/3290/3839",Orin software solar tracker
2026-08-06T07:52:57.647788+00:00,1,,0,52,100,2.5,-0.1,-0.0,trk,0,,,54.999,-0.1,0.1,discharging,27.4996,50.0,seeking,110.0,100.0,128.833,107.918,20.43,1,CRC/QPSK/OFDM,1,0,129,133,1064,532,12,44,960,192,48,"p1br,seq=00052,frame_b=00133,bits=01064,qpsk=00532,ofdm=012,pad_q=00044,gap=0,ok=1","trk,seq=00052,pan=110.00,tilt=100.00,sun_pan=128.83,sun_tilt=107.92,err=20.43,state=seeking,ldr=3582/4095/3280/3839",Orin software solar tracker
2026-08-06T07:52:57.900431+00:00,1,,0,53,100,0.0,-0.125,-0.0,trk,0,,,54.999,-0.1,0.1,discharging,27.4996,50.0,seeking,110.0,100.0,129.186,107.885,20.743,1,CRC/QPSK/OFDM,1,0,129,133,1064,532,12,44,960,192,48,"p1br,seq=00053,frame_b=00133,bits=01064,qpsk=00532,ofdm=012,pad_q=00044,gap=0,ok=1","trk,seq=00053,pan=110.00,tilt=100.00,sun_pan=129.19,sun_tilt=107.89,err=20.74,state=seeking,ldr=3571/4095/3270/3839",Orin software solar tracker
2026-08-06T07:52:58.153956+00:00,1,,0,54,100,1.25,-0.075,-0.0,trk,0,,,54.999,-0.1,0.1,discharging,27.4996,50.0,seeking,110.0,100.0,129.518,107.847,21.037,1,CRC/QPSK/OFDM,1,0,129,133,1064,532,12,44,960,192,48,"p1br,seq=00054,frame_b=00133,bits=01064,qpsk=00532,ofdm=012,pad_q=00044,gap=0,ok=1","trk,seq=00054,pan=110.00,tilt=100.00,sun_pan=129.52,sun_tilt=107.85,err=21.04,state=seeking,ldr=3560/4095/3261/3839",Orin software solar tracker
2026-08-06T07:52:58.406337+00:00,1,,0,55,100,0.0,-0.1,-0.0,trk,0,,,54.999,-0.1,0.1,discharging,27.4996,50.0,seeking,110.0,100.0,129.831,107.804,21.311,1,CRC/QPSK/OFDM,1,0,129,133,1064,532,12,44,960,192,48,"p1br,seq=00055,frame_b=00133,bits=01064,qpsk=00532,ofdm=012,pad_q=00044,gap=0,ok=1","trk,seq=00055,pan=110.00,tilt=100.00,sun_pan=129.83,sun_tilt=107.80,err=21.31,state=seeking,ldr=3550/4095/3253/3839",Orin software solar tracker
2026-08-06T07:52:58.658895+00:00,1,,0,56,100,0.0,-0.075,-0.0,trk,0,,,54.999,-0.1,0.1,discharging,27.4996,50.0,seeking,110.0,100.0,130.122,107.755,21.565,1,CRC/QPSK/OFDM,1,0,129,133,1064,532,12,44,960,192,48,"p1br,seq=00056,frame_b=00133,bits=01064,qpsk=00532,ofdm=012,pad_q=00044,gap=0,ok=1","trk,seq=00056,pan=110.00,tilt=100.00,sun_pan=130.12,sun_tilt=107.75,err=21.56,state=seeking,ldr=3540/4095/3245/3839",Orin software solar tracker
2026-08-06T07:52:58.911349+00:00,1,,0,57,100,1.25,-0.1,-0.0,trk,0,,,54.999,-0.1,0.1,discharging,27.4996,50.0,seeking,110.0,100.0,130.394,107.7,21.799,1,CRC/QPSK/OFDM,1,0,129,133,1064,532,12,44,960,192,48,"p1br,seq=00057,frame_b=00133,bits=01064,qpsk=00532,ofdm=012,pad_q=00044,gap=0,ok=1","trk,seq=00057,pan=110.00,tilt=100.00,sun_pan=130.39,sun_tilt=107.70,err=21.80,state=seeking,ldr=3530/4095/3238/3840",Orin software solar tracker
2026-08-06T07:52:59.165309+00:00,1,,0,58,100,0.0,-0.1,-0.0,trk,0,,,54.999,-0.1,0.1,discharging,27.4996,50.0,seeking,110.0,100.0,130.644,107.64,22.013,1,CRC/QPSK/OFDM,1,0,129,133,1064,532,12,44,960,192,48,"p1br,seq=00058,frame_b=00133,bits=01064,qpsk=00532,ofdm=012,pad_q=00044,gap=0,ok=1","trk,seq=00058,pan=110.00,tilt=100.00,sun_pan=130.64,sun_tilt=107.64,err=22.01,state=seeking,ldr=3521/4095/3232/3840",Orin software solar tracker
2026-08-06T07:52:59.417157+00:00,1,,0,59,100,0.0,-0.1,-0.0,trk,0,,,54.999,-0.1,0.1,discharging,27.4996,50.0,seeking,110.0,100.0,130.874,107.575,22.206,1,CRC/QPSK/OFDM,1,0,129,133,1064,532,12,44,960,192,48,"p1br,seq=00059,frame_b=00133,bits=01064,qpsk=00532,ofdm=012,pad_q=00044,gap=0,ok=1","trk,seq=00059,pan=110.00,tilt=100.00,sun_pan=130.87,sun_tilt=107.58,err=22.21,state=seeking,ldr=3513/4095/3227/3841",Orin software solar tracker
2026-08-06T07:52:59.668784+00:00,1,,0,60,100,2.5,-0.075,-0.0,trk,0,,,54.999,-0.1,0.1,discharging,27.4996,50.0,seeking,110.0,100.0,131.082,107.505,22.378,1,CRC/QPSK/OFDM,1,0,129,133,1064,532,12,44,960,192,48,"p1br,seq=00060,frame_b=00133,bits=01064,qpsk=00532,ofdm=012,pad_q=00044,gap=0,ok=1","trk,seq=00060,pan=110.00,tilt=100.00,sun_pan=131.08,sun_tilt=107.50,err=22.38,state=seeking,ldr=3506/4095/3222/3842",Orin software solar tracker
2026-08-06T07:52:59.922168+00:00,1,,0,61,100,0.0,-0.075,-0.0,trk,0,,,54.999,-0.1,0.1,discharging,27.4995,50.0,seeking,110.0,100.0,131.27,107.429,22.53,1,CRC/QPSK/OFDM,1,0,129,133,1064,532,12,44,960,192,48,"p1br,seq=00061,frame_b=00133,bits=01064,qpsk=00532,ofdm=012,pad_q=00044,gap=0,ok=1","trk,seq=00061,pan=110.00,tilt=100.00,sun_pan=131.27,sun_tilt=107.43,err=22.53,state=seeking,ldr=3498/4095/3218/3843",Orin software solar tracker
2026-08-06T07:53:00.174130+00:00,1,,0,62,100,0.0,-0.1,-0.0,trk,0,,,54.999,-0.1,0.1,discharging,27.4995,50.0,seeking,110.0,100.0,131.436,107.348,22.66,1,CRC/QPSK/OFDM,1,0,129,133,1064,532,12,44,960,192,48,"p1br,seq=00062,frame_b=00133,bits=01064,qpsk=00532,ofdm=012,pad_q=00044,gap=0,ok=1","trk,seq=00062,pan=110.00,tilt=100.00,sun_pan=131.44,sun_tilt=107.35,err=22.66,state=seeking,ldr=3492/4095/3215/3844",Orin software solar tracker
2026-08-06T07:53:00.426980+00:00,1,,0,63,100,3.75,-0.1,-0.0,trk,0,,,54.999,-0.1,0.1,discharging,27.4995,50.0,seeking,110.0,100.0,131.581,107.261,22.77,1,CRC/QPSK/OFDM,1,0,129,133,1064,532,12,44,960,192,48,"p1br,seq=00063,frame_b=00133,bits=01064,qpsk=00532,ofdm=012,pad_q=00044,gap=0,ok=1","trk,seq=00063,pan=110.00,tilt=100.00,sun_pan=131.58,sun_tilt=107.26,err=22.77,state=seeking,ldr=3486/4095/3212/3845",Orin software solar tracker
2026-08-06T07:53:00.681017+00:00,1,,0,64,100,0.0,-0.075,-0.0,trk,0,,,54.999,-0.1,0.1,discharging,27.4995,50.0,seeking,110.0,100.0,131.704,107.169,22.858,1,CRC/QPSK/OFDM,1,0,129,133,1064,532,12,44,960,192,48,"p1br,seq=00064,frame_b=00133,bits=01064,qpsk=00532,ofdm=012,pad_q=00044,gap=0,ok=1","trk,seq=00064,pan=110.00,tilt=100.00,sun_pan=131.70,sun_tilt=107.17,err=22.86,state=seeking,ldr=3481/4095/3211/3847",Orin software solar tracker
2026-08-06T07:53:00.933074+00:00,1,,0,65,100,2.5,-0.125,-0.0,trk,0,,,54.999,-0.1,0.1,discharging,27.4995,50.0,seeking,110.0,100.0,131.806,107.072,22.925,1,CRC/QPSK/OFDM,1,0,129,133,1064,532,12,44,960,192,48,"p1br,seq=00065,frame_b=00133,bits=01064,qpsk=00532,ofdm=012,pad_q=00044,gap=0,ok=1","trk,seq=00065,pan=110.00,tilt=100.00,sun_pan=131.81,sun_tilt=107.07,err=22.92,state=seeking,ldr=3476/4095/3210/3849",Orin software solar tracker
2026-08-06T07:53:01.186382+00:00,1,,0,66,100,2.5,-0.1,-0.0,trk,0,,,54.999,-0.1,0.1,discharging,27.4995,50.0,seeking,110.0,100.0,131.887,106.97,22.97,1,CRC/QPSK/OFDM,1,0,129,133,1064,532,12,44,960,192,48,"p1br,seq=00066,frame_b=00133,bits=01064,qpsk=00532,ofdm=012,pad_q=00044,gap=0,ok=1","trk,seq=00066,pan=110.00,tilt=100.00,sun_pan=131.89,sun_tilt=106.97,err=22.97,state=seeking,ldr=3472/4095/3210/3851",Orin software solar tracker
2026-08-06T07:53:01.439743+00:00,1,,0,67,100,0.0,-0.075,-0.0,trk,0,,,54.999,-0.1,0.1,discharging,27.4995,50.0,seeking,110.0,100.0,131.946,106.862,22.994,1,CRC/QPSK/OFDM,1,0,129,133,1064,532,12,44,960,192,48,"p1br,seq=00067,frame_b=00133,bits=01064,qpsk=00532,ofdm=012,pad_q=00044,gap=0,ok=1","trk,seq=00067,pan=110.00,tilt=100.00,sun_pan=131.95,sun_tilt=106.86,err=22.99,state=seeking,ldr=3469/4095/3210/3853",Orin software solar tracker
2026-08-06T07:53:01.692612+00:00,1,,0,68,100,0.0,-0.1,-0.0,trk,0,,,54.999,-0.1,0.1,discharging,27.4995,50.0,seeking,110.0,100.0,131.984,106.75,22.996,1,CRC/QPSK/OFDM,1,0,129,133,1064,532,12,44,960,192,48,"p1br,seq=00068,frame_b=00133,bits=01064,qpsk=00532,ofdm=012,pad_q=00044,gap=0,ok=1","trk,seq=00068,pan=110.00,tilt=100.00,sun_pan=131.98,sun_tilt=106.75,err=23.00,state=seeking,ldr=3466/4095/3212/3856",Orin software solar tracker
2026-08-06T07:53:01.943257+00:00,1,,0,69,100,2.5,-0.1,-0.0,trk,0,,,54.999,-0.1,0.1,discharging,27.4995,50.0,seeking,110.0,100.0,131.999,106.632,22.977,1,CRC/QPSK/OFDM,1,0,129,133,1064,532,12,44,960,192,48,"p1br,seq=00069,frame_b=00133,bits=01064,qpsk=00532,ofdm=012,pad_q=00044,gap=0,ok=1","trk,seq=00069,pan=110.00,tilt=100.00,sun_pan=132.00,sun_tilt=106.63,err=22.98,state=seeking,ldr=3464/4095/3214/3859",Orin software solar tracker
2026-08-06T07:53:02.195103+00:00,1,,0,70,100,0.0,-0.1,-0.0,trk,0,,,54.999,-0.1,0.1,discharging,27.4995,50.0,seeking,110.0,100.0,131.994,106.509,22.937,1,CRC/QPSK/OFDM,1,0,129,133,1064,532,12,44,960,192,48,"p1br,seq=00070,frame_b=00133,bits=01064,qpsk=00532,ofdm=012,pad_q=00044,gap=0,ok=1","trk,seq=00070,pan=110.00,tilt=100.00,sun_pan=131.99,sun_tilt=106.51,err=22.94,state=seeking,ldr=3463/4095/3217/3862",Orin software solar tracker
2026-08-06T07:53:02.450186+00:00,1,,0,71,100,1.25,-0.075,-0.0,trk,0,,,54.999,-0.1,0.1,discharging,27.4995,50.0,seeking,110.0,100.0,131.966,106.381,22.874,1,CRC/QPSK/OFDM,1,0,129,133,1064,532,12,44,960,192,48,"p1br,seq=00071,frame_b=00133,bits=01064,qpsk=00532,ofdm=012,pad_q=00044,gap=0,ok=1","trk,seq=00071,pan=110.00,tilt=100.00,sun_pan=131.97,sun_tilt=106.38,err=22.87,state=seeking,ldr=3462/4095/3221/3865",Orin software solar tracker
2026-08-06T07:53:02.702535+00:00,1,,0,72,100,1.25,-0.075,-0.0,trk,0,,,54.999,-0.1,0.1,discharging,27.4995,50.0,seeking,110.0,100.0,131.917,106.248,22.79,1,CRC/QPSK/OFDM,1,0,129,133,1064,532,12,44,960,192,48,"p1br,seq=00072,frame_b=00133,bits=01064,qpsk=00532,ofdm=012,pad_q=00044,gap=0,ok=1","trk,seq=00072,pan=110.00,tilt=100.00,sun_pan=131.92,sun_tilt=106.25,err=22.79,state=seeking,ldr=3462/4095/3226/3869",Orin software solar tracker
2026-08-06T07:53:02.954557+00:00,1,,0,73,100,0.0,-0.1,-0.0,trk,0,,,54.999,-0.1,0.1,discharging,27.4995,50.0,seeking,110.0,100.0,131.847,106.11,22.685,1,CRC/QPSK/OFDM,1,0,129,133,1064,532,12,44,960,192,48,"p1br,seq=00073,frame_b=00133,bits=01064,qpsk=00532,ofdm=012,pad_q=00044,gap=0,ok=1","trk,seq=00073,pan=110.00,tilt=100.00,sun_pan=131.85,sun_tilt=106.11,err=22.69,state=seeking,ldr=3462/4095/3232/3873",Orin software solar tracker
2026-08-06T07:53:03.207438+00:00,1,,0,74,100,1.25,-0.1,-0.0,trk,0,,,54.999,-0.1,0.1,discharging,27.4995,50.0,seeking,110.0,100.0,131.755,105.967,22.558,1,CRC/QPSK/OFDM,1,0,129,133,1064,532,12,44,960,192,48,"p1br,seq=00074,frame_b=00133,bits=01064,qpsk=00532,ofdm=012,pad_q=00044,gap=0,ok=1","trk,seq=00074,pan=110.00,tilt=100.00,sun_pan=131.75,sun_tilt=105.97,err=22.56,state=seeking,ldr=3463/4095/3238/3877",Orin software solar tracker
2026-08-06T07:53:03.459986+00:00,1,,0,75,100,0.0,-0.075,-0.0,trk,0,,,54.999,-0.1,0.1,discharging,27.4994,50.0,seeking,110.0,100.0,131.641,105.819,22.41,1,CRC/QPSK/OFDM,1,0,129,133,1064,532,12,44,960,192,48,"p1br,seq=00075,frame_b=00133,bits=01064,qpsk=00532,ofdm=012,pad_q=00044,gap=0,ok=1","trk,seq=00075,pan=110.00,tilt=100.00,sun_pan=131.64,sun_tilt=105.82,err=22.41,state=seeking,ldr=3465/4095/3245/3881",Orin software solar tracker
2026-08-06T07:53:03.712950+00:00,1,,0,76,100,0.0,-0.075,-0.0,trk,0,,,54.999,-0.1,0.1,discharging,27.4994,50.0,seeking,110.0,100.0,131.506,105.666,22.24,1,CRC/QPSK/OFDM,1,0,129,133,1064,532,12,44,960,192,48,"p1br,seq=00076,frame_b=00133,bits=01064,qpsk=00532,ofdm=012,pad_q=00044,gap=0,ok=1","trk,seq=00076,pan=110.00,tilt=100.00,sun_pan=131.51,sun_tilt=105.67,err=22.24,state=seeking,ldr=3467/4095/3253/3885",Orin software solar tracker
2026-08-06T07:53:03.964960+00:00,1,,0,77,100,3.75,-0.1,-0.0,trk,0,,,54.999,-0.1,0.1,discharging,27.4994,50.0,seeking,110.0,100.0,131.35,105.509,22.05,1,CRC/QPSK/OFDM,1,0,129,133,1064,532,12,44,960,192,48,"p1br,seq=00077,frame_b=00133,bits=01064,qpsk=00532,ofdm=012,pad_q=00044,gap=0,ok=1","trk,seq=00077,pan=110.00,tilt=100.00,sun_pan=131.35,sun_tilt=105.51,err=22.05,state=seeking,ldr=3470/4095/3261/3890",Orin software solar tracker
2026-08-06T07:53:04.217799+00:00,1,,0,78,100,0.0,-0.1,-0.0,trk,0,,,54.999,-0.1,0.1,discharging,27.4994,50.0,seeking,110.0,100.0,131.173,105.346,21.837,1,CRC/QPSK/OFDM,1,0,129,133,1064,532,12,44,960,192,48,"p1br,seq=00078,frame_b=00133,bits=01064,qpsk=00532,ofdm=012,pad_q=00044,gap=0,ok=1","trk,seq=00078,pan=110.00,tilt=100.00,sun_pan=131.17,sun_tilt=105.35,err=21.84,state=seeking,ldr=3473/4095/3271/3895",Orin software solar tracker
2026-08-06T07:53:04.470997+00:00,1,,0,79,100,0.0,-0.1,-0.0,trk,0,,,54.999,-0.1,0.1,discharging,27.4994,50.0,seeking,110.0,100.0,130.974,105.179,21.604,1,CRC/QPSK/OFDM,1,0,129,133,1064,532,12,44,960,192,48,"p1br,seq=00079,frame_b=00133,bits=01064,qpsk=00532,ofdm=012,pad_q=00044,gap=0,ok=1","trk,seq=00079,pan=110.00,tilt=100.00,sun_pan=130.97,sun_tilt=105.18,err=21.60,state=seeking,ldr=3477/4095/3281/3900",Orin software solar tracker
2026-08-06T07:53:04.723097+00:00,1,,0,80,100,3.75,-0.075,-0.0,trk,0,,,54.999,-0.1,0.1,discharging,27.4994,50.0,seeking,110.0,100.0,130.754,105.007,21.349,1,CRC/QPSK/OFDM,1,0,129,133,1064,532,12,44,960,192,48,"p1br,seq=00080,frame_b=00133,bits=01064,qpsk=00532,ofdm=012,pad_q=00044,gap=0,ok=1","trk,seq=00080,pan=110.00,tilt=100.00,sun_pan=130.75,sun_tilt=105.01,err=21.35,state=seeking,ldr=3482/4095/3292/3905",Orin software solar tracker
2026-08-06T07:53:04.976635+00:00,1,,0,81,100,0.0,-0.075,-0.0,trk,0,,,54.999,-0.1,0.1,discharging,27.4994,50.0,seeking,110.0,100.0,130.513,104.831,21.074,1,CRC/QPSK/OFDM,1,0,129,133,1064,532,12,44,960,192,48,"p1br,seq=00081,frame_b=00133,bits=01064,qpsk=00532,ofdm=012,pad_q=00044,gap=0,ok=1","trk,seq=00081,pan=110.00,tilt=100.00,sun_pan=130.51,sun_tilt=104.83,err=21.07,state=seeking,ldr=3487/4094/3303/3910",Orin software solar tracker
2026-08-06T07:53:05.229063+00:00,1,,0,82,100,1.25,-0.1,-0.0,trk,0,,,54.999,-0.1,0.1,discharging,27.4994,50.0,seeking,110.0,100.0,130.252,104.649,20.779,1,CRC/QPSK/OFDM,1,0,129,133,1064,532,12,44,960,192,48,"p1br,seq=00082,frame_b=00133,bits=01064,qpsk=00532,ofdm=012,pad_q=00044,gap=0,ok=1","trk,seq=00082,pan=110.00,tilt=100.00,sun_pan=130.25,sun_tilt=104.65,err=20.78,state=seeking,ldr=3493/4093/3316/3916",Orin software solar tracker
2026-08-06T07:53:05.480829+00:00,1,,0,83,100,1.25,-0.05,-0.0,trk,0,,,54.999,-0.1,0.1,discharging,27.4994,50.0,seeking,110.0,100.0,129.97,104.464,20.462,1,CRC/QPSK/OFDM,1,0,129,133,1064,532,12,44,960,192,48,"p1br,seq=00083,frame_b=00133,bits=01064,qpsk=00532,ofdm=012,pad_q=00044,gap=0,ok=1","trk,seq=00083,pan=110.00,tilt=100.00,sun_pan=129.97,sun_tilt=104.46,err=20.46,state=seeking,ldr=3499/4092/3329/3921",Orin software solar tracker
2026-08-06T07:53:05.733942+00:00,1,,0,84,100,0.0,-0.05,-0.0,trk,0,,,54.999,-0.1,0.1,discharging,27.4994,50.0,seeking,110.0,100.0,129.667,104.273,20.126,1,CRC/QPSK/OFDM,1,0,129,133,1064,532,12,44,960,192,48,"p1br,seq=00084,frame_b=00133,bits=01064,qpsk=00532,ofdm=012,pad_q=00044,gap=0,ok=1","trk,seq=00084,pan=110.00,tilt=100.00,sun_pan=129.67,sun_tilt=104.27,err=20.13,state=seeking,ldr=3506/4090/3342/3927",Orin software solar tracker
2026-08-06T07:53:05.986729+00:00,1,,0,85,100,1.25,-0.1,-0.0,trk,0,,,54.999,-0.1,0.1,discharging,27.4994,50.0,seeking,110.0,100.0,129.343,104.079,19.769,1,CRC/QPSK/OFDM,1,0,129,133,1064,532,12,44,960,192,48,"p1br,seq=00085,frame_b=00133,bits=01064,qpsk=00532,ofdm=012,pad_q=00044,gap=0,ok=1","trk,seq=00085,pan=110.00,tilt=100.00,sun_pan=129.34,sun_tilt=104.08,err=19.77,state=seeking,ldr=3513/4089/3357/3933",Orin software solar tracker
2026-08-06T07:53:06.240591+00:00,1,,0,86,100,1.25,-0.1,-0.0,trk,0,,,54.999,-0.1,0.1,discharging,27.4994,50.0,seeking,110.0,100.0,129.0,103.879,19.392,1,CRC/QPSK/OFDM,1,0,129,133,1064,532,12,44,960,192,48,"p1br,seq=00086,frame_b=00133,bits=01064,qpsk=00532,ofdm=012,pad_q=00044,gap=0,ok=1","trk,seq=00086,pan=110.00,tilt=100.00,sun_pan=129.00,sun_tilt=103.88,err=19.39,state=seeking,ldr=3520/4087/3371/3938",Orin software solar tracker
2026-08-06T07:53:06.493357+00:00,1,,0,87,100,0.0,-0.075,-0.0,trk,0,,,54.999,-0.1,0.1,discharging,27.4994,50.0,seeking,110.0,100.0,128.636,103.676,18.995,1,CRC/QPSK/OFDM,1,0,129,133,1064,532,12,44,960,192,48,"p1br,seq=00087,frame_b=00133,bits=01064,qpsk=00532,ofdm=012,pad_q=00044,gap=0,ok=1","trk,seq=00087,pan=110.00,tilt=100.00,sun_pan=128.64,sun_tilt=103.68,err=19.00,state=seeking,ldr=3528/4085/3387/3944",Orin software solar tracker
2026-08-06T07:53:06.745996+00:00,1,,0,88,100,1.25,-0.1,-0.0,trk,0,,,54.999,-0.1,0.1,discharging,27.4993,50.0,seeking,110.0,100.0,128.253,103.468,18.579,1,CRC/QPSK/OFDM,1,0,129,133,1064,532,12,44,960,192,48,"p1br,seq=00088,frame_b=00133,bits=01064,qpsk=00532,ofdm=012,pad_q=00044,gap=0,ok=1","trk,seq=00088,pan=110.00,tilt=100.00,sun_pan=128.25,sun_tilt=103.47,err=18.58,state=seeking,ldr=3537/4083/3403/3950",Orin software solar tracker
2026-08-06T07:53:06.998062+00:00,1,,0,89,100,0.0,-0.1,-0.0,trk,0,,,54.999,-0.1,0.1,discharging,27.4993,50.0,seeking,110.0,100.0,127.85,103.256,18.145,1,CRC/QPSK/OFDM,1,0,129,133,1064,532,12,44,960,192,48,"p1br,seq=00089,frame_b=00133,bits=01064,qpsk=00532,ofdm=012,pad_q=00044,gap=0,ok=1","trk,seq=00089,pan=110.00,tilt=100.00,sun_pan=127.85,sun_tilt=103.26,err=18.14,state=seeking,ldr=3545/4081/3420/3955",Orin software solar tracker
2026-08-06T07:53:07.249617+00:00,1,,0,90,100,0.0,-0.1,-0.0,trk,0,,,54.999,-0.1,0.1,discharging,27.4993,50.0,seeking,110.0,100.0,127.428,103.04,17.691,1,CRC/QPSK/OFDM,1,0,129,133,1064,532,12,44,960,192,48,"p1br,seq=00090,frame_b=00133,bits=01064,qpsk=00532,ofdm=012,pad_q=00044,gap=0,ok=1","trk,seq=00090,pan=110.00,tilt=100.00,sun_pan=127.43,sun_tilt=103.04,err=17.69,state=seeking,ldr=3554/4078/3437/3961",Orin software solar tracker
2026-08-06T07:53:07.512081+00:00,1,,0,91,100,3.75,-0.1,-0.0,trk,0,,,54.999,-0.1,0.1,discharging,27.4993,50.0,seeking,110.0,100.0,126.986,102.82,17.218,1,CRC/QPSK/OFDM,1,0,129,133,1064,532,12,44,960,192,48,"p1br,seq=00091,frame_b=00133,bits=01064,qpsk=00532,ofdm=012,pad_q=00044,gap=0,ok=1","trk,seq=00091,pan=110.00,tilt=100.00,sun_pan=126.99,sun_tilt=102.82,err=17.22,state=seeking,ldr=3564/4076/3455/3966",Orin software solar tracker
2026-08-06T07:53:07.755668+00:00,1,,0,92,100,1.25,-0.075,-0.0,trk,0,,,54.999,-0.1,0.1,discharging,27.4993,50.0,seeking,110.0,100.0,126.524,102.595,16.727,1,CRC/QPSK/OFDM,1,0,129,133,1064,532,12,44,960,192,48,"p1br,seq=00092,frame_b=00133,bits=01064,qpsk=00532,ofdm=012,pad_q=00044,gap=0,ok=1","trk,seq=00092,pan=110.00,tilt=100.00,sun_pan=126.52,sun_tilt=102.60,err=16.73,state=seeking,ldr=3574/4072/3473/3972",Orin software solar tracker
2026-08-06T07:53:08.009072+00:00,1,,0,93,100,0.0,-0.075,-0.0,trk,0,,,54.999,-0.1,0.1,discharging,27.4993,50.0,seeking,110.0,100.0,126.045,102.367,16.218,1,CRC/QPSK/OFDM,1,0,129,133,1064,532,12,44,960,192,48,"p1br,seq=00093,frame_b=00133,bits=01064,qpsk=00532,ofdm=012,pad_q=00044,gap=0,ok=1","trk,seq=00093,pan=110.00,tilt=100.00,sun_pan=126.04,sun_tilt=102.37,err=16.22,state=seeking,ldr=3583/4069/3491/3977",Orin software solar tracker
2026-08-06T07:53:08.262435+00:00,1,,0,94,100,2.5,-0.1,-0.0,trk,0,,,54.999,-0.1,0.1,discharging,27.4993,50.0,seeking,110.0,100.0,125.547,102.135,15.693,1,CRC/QPSK/OFDM,1,0,129,133,1064,532,12,44,960,192,48,"p1br,seq=00094,frame_b=00133,bits=01064,qpsk=00532,ofdm=012,pad_q=00044,gap=0,ok=1","trk,seq=00094,pan=110.00,tilt=100.00,sun_pan=125.55,sun_tilt=102.13,err=15.69,state=seeking,ldr=3594/4065/3511/3982",Orin software solar tracker
2026-08-06T07:53:08.513689+00:00,1,,0,95,100,0.0,-0.075,-0.0,trk,0,,,54.999,-0.1,0.1,discharging,27.4993,50.0,seeking,110.0,100.0,125.03,101.899,15.15,1,CRC/QPSK/OFDM,1,0,129,133,1064,532,12,44,960,192,48,"p1br,seq=00095,frame_b=00133,bits=01064,qpsk=00532,ofdm=012,pad_q=00044,gap=0,ok=1","trk,seq=00095,pan=110.00,tilt=100.00,sun_pan=125.03,sun_tilt=101.90,err=15.15,state=seeking,ldr=3604/4061/3530/3986",Orin software solar tracker
2026-08-06T07:53:08.767652+00:00,1,,0,96,100,0.0,-0.075,-0.0,trk,0,,,54.999,-0.1,0.1,discharging,27.4993,50.0,seeking,110.0,100.0,124.496,101.659,14.591,1,CRC/QPSK/OFDM,1,0,129,133,1064,532,12,44,960,192,48,"p1br,seq=00096,frame_b=00133,bits=01064,qpsk=00532,ofdm=012,pad_q=00044,gap=0,ok=1","trk,seq=00096,pan=110.00,tilt=100.00,sun_pan=124.50,sun_tilt=101.66,err=14.59,state=seeking,ldr=3615/4056/3550/3991",Orin software solar tracker
2026-08-06T07:53:09.018792+00:00,1,,0,97,100,2.5,-0.075,-0.0,trk,0,,,54.999,-0.1,0.1,discharging,27.4993,50.0,seeking,110.0,100.0,123.944,101.415,14.015,1,CRC/QPSK/OFDM,1,0,129,133,1064,532,12,44,960,192,48,"p1br,seq=00097,frame_b=00133,bits=01064,qpsk=00532,ofdm=012,pad_q=00044,gap=0,ok=1","trk,seq=00097,pan=110.00,tilt=100.00,sun_pan=123.94,sun_tilt=101.41,err=14.02,state=seeking,ldr=3625/4050/3570/3995",Orin software solar tracker
2026-08-06T07:53:09.270752+00:00,1,,0,98,100,1.25,-0.075,-0.0,trk,0,,,54.999,-0.1,0.1,discharging,27.4993,50.0,seeking,110.0,100.0,123.375,101.168,13.425,1,CRC/QPSK/OFDM,1,0,129,133,1064,532,12,44,960,192,48,"p1br,seq=00098,frame_b=00133,bits=01064,qpsk=00532,ofdm=012,pad_q=00044,gap=0,ok=1","trk,seq=00098,pan=110.00,tilt=100.00,sun_pan=123.37,sun_tilt=101.17,err=13.43,state=seeking,ldr=3636/4045/3590/3999",Orin software solar tracker
2026-08-06T07:53:09.523721+00:00,1,,0,99,100,0.0,-0.1,-0.0,trk,0,,,54.999,-0.1,0.1,discharging,27.4993,50.0,seeking,110.0,100.0,122.788,100.917,12.821,1,CRC/QPSK/OFDM,1,0,129,133,1064,532,12,44,960,192,48,"p1br,seq=00099,frame_b=00133,bits=01064,qpsk=00532,ofdm=012,pad_q=00044,gap=0,ok=1","trk,seq=00099,pan=110.00,tilt=100.00,sun_pan=122.79,sun_tilt=100.92,err=12.82,state=seeking,ldr=3647/4038/3611/4002",Orin software solar tracker
2026-08-06T07:53:09.777941+00:00,1,,0,100,100,2.5,-0.075,-0.0,trk,0,,,54.999,-0.1,0.1,discharging,27.4993,50.0,seeking,110.0,100.0,122.184,100.662,12.202,1,CRC/QPSK/OFDM,1,0,129,133,1064,532,12,44,960,192,48,"p1br,seq=00100,frame_b=00133,bits=01064,qpsk=00532,ofdm=012,pad_q=00044,gap=0,ok=1","trk,seq=00100,pan=110.00,tilt=100.00,sun_pan=122.18,sun_tilt=100.66,err=12.20,state=seeking,ldr=3658/4032/3632/4005",Orin software solar tracker
2026-08-06T07:53:10.028722+00:00,1,,0,101,100,1.25,-0.1,-0.0,trk,0,,,54.999,-0.1,0.1,discharging,27.4993,50.0,seeking,110.0,100.0,121.564,100.404,11.571,1,CRC/QPSK/OFDM,1,0,129,133,1064,532,12,44,960,192,48,"p1br,seq=00101,frame_b=00133,bits=01064,qpsk=00532,ofdm=012,pad_q=00044,gap=0,ok=1","trk,seq=00101,pan=110.00,tilt=100.00,sun_pan=121.56,sun_tilt=100.40,err=11.57,state=seeking,ldr=3669/4024/3653/4008",Orin software solar tracker
2026-08-06T07:53:10.281805+00:00,1,,0,102,100,1.25,-0.075,-0.0,trk,0,,,54.998,-0.1,0.1,discharging,27.4992,50.0,seeking,110.0,100.0,120.928,100.143,10.929,1,CRC/QPSK/OFDM,1,0,129,133,1064,532,12,44,960,192,48,"p1br,seq=00102,frame_b=00133,bits=01064,qpsk=00532,ofdm=012,pad_q=00044,gap=0,ok=1","trk,seq=00102,pan=110.00,tilt=100.00,sun_pan=120.93,sun_tilt=100.14,err=10.93,state=seeking,ldr=3680/4016/3674/4010",Orin software solar tracker
2026-08-06T07:53:10.532466+00:00,1,,0,103,100,1.25,-0.1,-0.0,trk,0,,,54.998,-0.1,0.1,discharging,27.4992,50.0,seeking,110.0,99.98,120.276,99.878,10.276,1,CRC/QPSK/OFDM,1,0,129,133,1064,532,12,44,960,192,48,"p1br,seq=00103,frame_b=00133,bits=01064,qpsk=00532,ofdm=012,pad_q=00044,gap=0,ok=1","trk,seq=00103,pan=110.00,tilt=099.98,sun_pan=120.28,sun_tilt=099.88,err=10.28,state=seeking,ldr=3691/4007/3695/4012",Orin software solar tracker
2026-08-06T07:53:10.788961+00:00,1,,0,104,100,0.0,-0.075,-0.0,trk,0,,,54.998,-0.1,0.1,discharging,27.4992,50.0,locked,110.0,99.914,119.608,99.61,9.613,1,CRC/QPSK/OFDM,1,0,129,133,1064,532,12,44,960,192,48,"p1br,seq=00104,frame_b=00133,bits=01064,qpsk=00532,ofdm=012,pad_q=00044,gap=0,ok=1","trk,seq=00104,pan=110.00,tilt=099.91,sun_pan=119.61,sun_tilt=099.61,err=09.61,state=locked,ldr=3702/3998/3716/4013",Orin software solar tracker
2026-08-06T07:53:11.039376+00:00,1,,0,105,100,0.0,-0.1,-0.0,trk,0,,,54.998,-0.1,0.1,discharging,27.4992,50.0,locked,110.0,99.812,118.925,99.339,8.938,1,CRC/QPSK/OFDM,1,0,129,133,1064,532,12,44,960,192,48,"p1br,seq=00105,frame_b=00133,bits=01064,qpsk=00532,ofdm=012,pad_q=00044,gap=0,ok=1","trk,seq=00105,pan=110.00,tilt=099.81,sun_pan=118.93,sun_tilt=099.34,err=08.94,state=locked,ldr=3714/3990/3737/4012",Orin software solar tracker
2026-08-06T07:53:11.292892+00:00,1,,0,106,100,0.0,-0.075,-0.0,trk,0,,,54.998,-0.1,0.1,discharging,27.4992,50.0,locked,110.0,99.676,118.227,99.065,8.25,1,CRC/QPSK/OFDM,1,0,129,133,1064,532,12,44,960,192,48,"p1br,seq=00106,frame_b=00133,bits=01064,qpsk=00532,ofdm=012,pad_q=00044,gap=0,ok=1","trk,seq=00106,pan=110.00,tilt=099.68,sun_pan=118.23,sun_tilt=099.06,err=08.25,state=locked,ldr=3726/3981/3756/4011",Orin software solar tracker
2026-08-06T07:53:11.543789+00:00,1,,0,107,100,0.0,-0.075,-0.0,trk,0,,,54.998,-0.1,0.1,discharging,27.4992,50.0,locked,110.0,99.513,117.515,98.787,7.55,1,CRC/QPSK/OFDM,1,0,129,133,1064,532,12,44,960,192,48,"p1br,seq=00107,frame_b=00133,bits=01064,qpsk=00532,ofdm=012,pad_q=00044,gap=0,ok=1","trk,seq=00107,pan=110.00,tilt=099.51,sun_pan=117.51,sun_tilt=098.79,err=07.55,state=locked,ldr=3739/3972/3775/4008",Orin software solar tracker
2026-08-06T07:53:11.797002+00:00,1,,0,108,100,1.25,-0.1,-0.0,trk,0,,,54.998,-0.1,0.1,discharging,27.4992,50.0,locked,110.0,99.333,116.788,98.507,6.838,1,CRC/QPSK/OFDM,1,0,129,133,1064,532,12,44,960,192,48,"p1br,seq=00108,frame_b=00133,bits=01064,qpsk=00532,ofdm=012,pad_q=00044,gap=0,ok=1","trk,seq=00108,pan=110.00,tilt=099.33,sun_pan=116.79,sun_tilt=098.51,err=06.84,state=locked,ldr=3753/3963/3793/4003",Orin software solar tracker
2026-08-06T07:53:12.049660+00:00,1,,0,109,100,1.25,-0.075,-0.0,trk,0,,,54.998,-0.1,0.1,discharging,27.4992,50.0,locked,110.0,99.135,116.048,98.224,6.116,1,CRC/QPSK/OFDM,1,0,129,133,1064,532,12,44,960,192,48,"p1br,seq=00109,frame_b=00133,bits=01064,qpsk=00532,ofdm=012,pad_q=00044,gap=0,ok=1","trk,seq=00109,pan=110.00,tilt=099.13,sun_pan=116.05,sun_tilt=098.22,err=06.12,state=locked,ldr=3766/3954/3810/3998",Orin software solar tracker
2026-08-06T07:53:12.302101+00:00,1,,0,110,100,0.0,-0.1,-0.0,trk,0,,,54.998,-0.1,0.1,discharging,27.4992,50.0,locked,110.0,98.918,115.294,97.938,5.384,1,CRC/QPSK/OFDM,1,0,129,133,1064,532,12,44,960,192,48,"p1br,seq=00110,frame_b=00133,bits=01064,qpsk=00532,ofdm=012,pad_q=00044,gap=0,ok=1","trk,seq=00110,pan=110.00,tilt=098.92,sun_pan=115.29,sun_tilt=097.94,err=05.38,state=locked,ldr=3780/3944/3828/3992",Orin software solar tracker
2026-08-06T07:53:12.555487+00:00,1,,0,111,100,1.25,-0.075,-0.0,trk,0,,,54.998,-0.1,0.1,discharging,27.4992,50.0,locked,110.0,98.691,114.527,97.649,4.646,1,CRC/QPSK/OFDM,1,0,129,133,1064,532,12,44,960,192,48,"p1br,seq=00111,frame_b=00133,bits=01064,qpsk=00532,ofdm=012,pad_q=00044,gap=0,ok=1","trk,seq=00111,pan=110.00,tilt=098.69,sun_pan=114.53,sun_tilt=097.65,err=04.65,state=locked,ldr=3794/3934/3844/3985",Orin software solar tracker
2026-08-06T07:53:12.808829+00:00,1,,0,112,100,1.25,-0.1,-0.0,trk,0,,,54.998,-0.1,0.1,discharging,27.4992,50.0,locked,110.0,98.451,113.748,97.358,3.904,1,CRC/QPSK/OFDM,1,0,129,133,1064,532,12,44,960,192,48,"p1br,seq=00112,frame_b=00133,bits=01064,qpsk=00532,ofdm=012,pad_q=00044,gap=0,ok=1","trk,seq=00112,pan=110.00,tilt=098.45,sun_pan=113.75,sun_tilt=097.36,err=03.90,state=locked,ldr=3807/3924/3861/3977",Orin software solar tracker
2026-08-06T07:53:13.060236+00:00,1,,0,113,100,0.0,-0.075,-0.0,trk,0,,,54.998,-0.1,0.1,discharging,27.4992,50.0,locked,110.0,98.204,112.956,97.064,3.168,1,CRC/QPSK/OFDM,1,0,129,133,1064,532,12,44,960,192,48,"p1br,seq=00113,frame_b=00133,bits=01064,qpsk=00532,ofdm=012,pad_q=00044,gap=0,ok=1","trk,seq=00113,pan=110.00,tilt=098.20,sun_pan=112.96,sun_tilt=097.06,err=03.17,state=locked,ldr=3821/3913/3876/3968",Orin software solar tracker
2026-08-06T07:53:13.312132+00:00,1,,0,114,100,0.0,-0.075,-0.0,trk,0,,,54.998,-0.1,0.1,discharging,27.4992,50.0,locked,110.0,97.943,112.153,96.768,2.453,1,CRC/QPSK/OFDM,1,0,129,133,1064,532,12,44,960,192,48,"p1br,seq=00114,frame_b=00133,bits=01064,qpsk=00532,ofdm=012,pad_q=00044,gap=0,ok=1","trk,seq=00114,pan=110.00,tilt=097.94,sun_pan=112.15,sun_tilt=096.77,err=02.45,state=locked,ldr=3834/3901/3892/3959",Orin software solar tracker
2026-08-06T07:53:13.566328+00:00,1,,0,115,100,1.25,-0.075,-0.0,trk,0,,,54.998,-0.1,0.1,discharging,27.4992,50.0,locked,110.0,97.678,111.338,96.469,1.803,1,CRC/QPSK/OFDM,1,0,129,133,1064,532,12,44,960,192,48,"p1br,seq=00115,frame_b=00133,bits=01064,qpsk=00532,ofdm=012,pad_q=00044,gap=0,ok=1","trk,seq=00115,pan=110.00,tilt=097.68,sun_pan=111.34,sun_tilt=096.47,err=01.80,state=locked,ldr=3847/3889/3906/3948",Orin software solar tracker
2026-08-06T07:53:13.818694+00:00,1,,0,116,100,1.25,-0.1,-0.0,trk,0,,,54.998,-0.1,0.1,discharging,27.4991,50.0,locked,110.0,97.404,110.512,96.168,1.338,1,CRC/QPSK/OFDM,1,0,129,133,1064,532,12,44,960,192,48,"p1br,seq=00116,frame_b=00133,bits=01064,qpsk=00532,ofdm=012,pad_q=00044,gap=0,ok=1","trk,seq=00116,pan=110.00,tilt=097.40,sun_pan=110.51,sun_tilt=096.17,err=01.34,state=locked,ldr=3860/3876/3921/3937",Orin software solar tracker
2026-08-06T07:53:14.070900+00:00,1,,0,117,100,0.0,-0.075,-0.0,trk,0,,,54.998,-0.1,0.1,discharging,27.4991,50.0,locked,109.953,97.128,109.676,95.865,1.293,1,CRC/QPSK/OFDM,1,0,129,133,1064,532,12,44,960,192,48,"p1br,seq=00117,frame_b=00133,bits=01064,qpsk=00532,ofdm=012,pad_q=00044,gap=0,ok=1","trk,seq=00117,pan=109.95,tilt=097.13,sun_pan=109.68,sun_tilt=095.86,err=01.29,state=locked,ldr=3873/3862/3934/3924",Orin software solar tracker
2026-08-06T07:53:14.322851+00:00,1,,0,118,99,1.25,-0.1,-0.0,trk,0,,,54.998,-0.1,0.1,discharging,27.4991,50.0,locked,109.796,96.845,108.83,95.56,1.608,1,CRC/QPSK/OFDM,1,0,129,133,1064,532,12,44,960,192,48,"p1br,seq=00118,frame_b=00133,bits=01064,qpsk=00532,ofdm=012,pad_q=00044,gap=0,ok=1","trk,seq=00118,pan=109.80,tilt=096.85,sun_pan=108.83,sun_tilt=095.56,err=01.61,state=locked,ldr=3884/3849/3947/3912",Orin software solar tracker
2026-08-06T07:53:14.576220+00:00,1,,0,119,99,0.0,-0.1,-0.0,trk,0,,,54.998,-0.1,0.1,discharging,27.4991,50.0,locked,109.54,96.558,107.974,95.252,2.039,1,CRC/QPSK/OFDM,1,0,129,133,1064,532,12,44,960,192,48,"p1br,seq=00119,frame_b=00133,bits=01064,qpsk=00532,ofdm=012,pad_q=00044,gap=0,ok=1","trk,seq=00119,pan=109.54,tilt=096.56,sun_pan=107.97,sun_tilt=095.25,err=02.04,state=locked,ldr=3893/3836/3957/3900",Orin software solar tracker
